-- ============================================
-- نظام إدارة المخازن - نسخة احتياطية
-- تاريخ الإنشاء: 2026-03-17 19:54:55
-- عدد الجداول: 17
-- ============================================

SET FOREIGN_KEY_CHECKS = 0;


-- --------------------------------------------------------
-- هيكل الجدول: `customer_payments`
-- --------------------------------------------------------

DROP TABLE IF EXISTS `customer_payments`;
CREATE TABLE `customer_payments` (
  `payment_id` int(11) NOT NULL AUTO_INCREMENT,
  `payment_number` varchar(50) NOT NULL,
  `customer_id` int(11) NOT NULL,
  `payment_date` date NOT NULL,
  `payment_amount` decimal(12,2) NOT NULL,
  `payment_method` enum('نقدي','بطاقة','تحويل','شيك') DEFAULT 'نقدي',
  `reference_number` varchar(100) DEFAULT NULL,
  `notes` text DEFAULT NULL,
  `created_by` int(11) DEFAULT NULL,
  `created_at` timestamp NOT NULL DEFAULT current_timestamp(),
  PRIMARY KEY (`payment_id`),
  UNIQUE KEY `payment_number` (`payment_number`),
  KEY `customer_id` (`customer_id`),
  CONSTRAINT `customer_payments_ibfk_1` FOREIGN KEY (`customer_id`) REFERENCES `customers` (`customer_id`) ON DELETE CASCADE
) ENGINE=InnoDB AUTO_INCREMENT=13 DEFAULT CHARSET=utf8mb4 COLLATE=utf8mb4_unicode_ci;

-- --------------------------------------------------------
-- بيانات الجدول: `customer_payments` (10 سجل)
-- --------------------------------------------------------

INSERT INTO `customer_payments` VALUES ('3', 'CP-202603-6685', '17', '2026-03-07', '1500.00', 'نقدي', '', '', '0', '2026-03-09 08:40:48');
INSERT INTO `customer_payments` VALUES ('4', 'CP-202603-0260', '17', '2026-03-09', '100.00', 'نقدي', '', '', '0', '2026-03-09 08:43:12');
INSERT INTO `customer_payments` VALUES ('5', 'CP-202603-7676', '16', '2026-03-09', '600.00', 'نقدي', '', '', '0', '2026-03-09 08:52:11');
INSERT INTO `customer_payments` VALUES ('6', 'CP-202603-8211', '16', '2026-03-11', '200.00', 'نقدي', '', '', '0', '2026-03-11 02:22:13');
INSERT INTO `customer_payments` VALUES ('7', 'CP-202603-0904', '20', '2026-03-13', '600.00', 'نقدي', '', '', '1', '2026-03-13 09:55:12');
INSERT INTO `customer_payments` VALUES ('8', 'CP-202603-6289', '20', '2026-03-13', '1000.00', 'نقدي', '', '', '4', '2026-03-13 10:06:22');
INSERT INTO `customer_payments` VALUES ('9', 'CP-202603-9710', '20', '2026-03-13', '500.00', 'نقدي', '', '', '1', '2026-03-13 10:44:37');
INSERT INTO `customer_payments` VALUES ('10', 'CP-202603-8594', '24', '2026-03-14', '1000.00', 'نقدي', '', '', '4', '2026-03-13 11:12:05');
INSERT INTO `customer_payments` VALUES ('11', 'CP-202603-4302', '15', '2026-03-14', '29700.00', 'نقدي', '40777198', 'حوالة', '4', '2026-03-15 08:52:58');
INSERT INTO `customer_payments` VALUES ('12', 'CP-202603-9796', '25', '2026-03-17', '400.00', 'نقدي', '', '', '4', '2026-03-17 04:38:55');


-- --------------------------------------------------------
-- هيكل الجدول: `customers`
-- --------------------------------------------------------

DROP TABLE IF EXISTS `customers`;
CREATE TABLE `customers` (
  `customer_id` int(11) NOT NULL AUTO_INCREMENT,
  `customer_name` varchar(100) NOT NULL,
  `customer_phone` varchar(20) DEFAULT NULL,
  `customer_email` varchar(100) DEFAULT NULL,
  `customer_address` text DEFAULT NULL,
  `customer_type` enum('فرد','شركة','جهة حكومية') DEFAULT 'فرد',
  `tax_number` varchar(50) DEFAULT NULL,
  `created_at` timestamp NOT NULL DEFAULT current_timestamp(),
  `updated_at` timestamp NOT NULL DEFAULT current_timestamp() ON UPDATE current_timestamp(),
  PRIMARY KEY (`customer_id`),
  KEY `idx_customer_name` (`customer_name`)
) ENGINE=InnoDB AUTO_INCREMENT=26 DEFAULT CHARSET=utf8mb4 COLLATE=utf8mb4_unicode_ci;

-- --------------------------------------------------------
-- بيانات الجدول: `customers` (13 سجل)
-- --------------------------------------------------------

INSERT INTO `customers` VALUES ('3', 'عميل نقدي', NULL, NULL, NULL, 'فرد', NULL, '2026-02-13 08:39:44', '2026-02-13 08:39:44');
INSERT INTO `customers` VALUES ('4', 'عبدالمجيد اليعري', '333333333333', NULL, NULL, 'فرد', NULL, '2026-02-13 09:15:23', '2026-02-13 09:15:23');
INSERT INTO `customers` VALUES ('15', 'ابو مران', '', NULL, NULL, 'فرد', NULL, '2026-03-03 01:25:02', '2026-03-03 01:25:02');
INSERT INTO `customers` VALUES ('16', 'صاحب العيادة اسنان', '', NULL, NULL, 'فرد', NULL, '2026-03-09 08:21:47', '2026-03-09 08:21:47');
INSERT INTO `customers` VALUES ('17', 'احمد اشوال', '', NULL, NULL, 'فرد', NULL, '2026-03-09 08:23:57', '2026-03-09 08:23:57');
INSERT INTO `customers` VALUES ('18', 'الحمادي صاحب الثومة', '', NULL, NULL, 'فرد', NULL, '2026-03-09 08:59:43', '2026-03-09 08:59:43');
INSERT INTO `customers` VALUES ('19', 'البيت', '', NULL, NULL, 'فرد', NULL, '2026-03-11 06:00:39', '2026-03-11 06:00:39');
INSERT INTO `customers` VALUES ('20', 'جديد', '7787942999', NULL, NULL, 'فرد', NULL, '2026-03-12 09:46:22', '2026-03-12 09:46:22');
INSERT INTO `customers` VALUES ('21', 'مورد نقدي', '876219', NULL, NULL, 'فرد', NULL, '2026-03-12 09:48:03', '2026-03-12 09:48:03');
INSERT INTO `customers` VALUES ('22', 'اختبار', '', NULL, NULL, 'فرد', NULL, '2026-03-12 13:10:11', '2026-03-12 13:10:11');
INSERT INTO `customers` VALUES ('23', 'test', '', NULL, NULL, 'فرد', NULL, '2026-03-13 07:23:35', '2026-03-13 07:23:35');
INSERT INTO `customers` VALUES ('24', 'خالد صالح', '7721867', NULL, NULL, 'فرد', NULL, '2026-03-13 11:10:46', '2026-03-13 11:10:46');
INSERT INTO `customers` VALUES ('25', 'عبدالرحمن المستاجر', '', NULL, NULL, 'فرد', NULL, '2026-03-16 03:20:38', '2026-03-16 03:20:38');


-- --------------------------------------------------------
-- هيكل الجدول: `inventory_transactions`
-- --------------------------------------------------------

DROP TABLE IF EXISTS `inventory_transactions`;
CREATE TABLE `inventory_transactions` (
  `transaction_id` int(11) NOT NULL AUTO_INCREMENT,
  `product_id` int(11) NOT NULL,
  `warehouse_id` int(11) NOT NULL,
  `transaction_type` enum('شراء','بيع','تالف','تحويل','جرد') NOT NULL,
  `quantity_change` int(11) NOT NULL,
  `previous_quantity` int(11) NOT NULL,
  `new_quantity` int(11) NOT NULL,
  `reference_id` int(11) DEFAULT NULL,
  `notes` text DEFAULT NULL,
  `created_by` int(11) DEFAULT NULL,
  `created_at` timestamp NOT NULL DEFAULT current_timestamp(),
  PRIMARY KEY (`transaction_id`),
  KEY `product_id` (`product_id`),
  KEY `warehouse_id` (`warehouse_id`),
  CONSTRAINT `inventory_transactions_ibfk_1` FOREIGN KEY (`product_id`) REFERENCES `products` (`product_id`),
  CONSTRAINT `inventory_transactions_ibfk_2` FOREIGN KEY (`warehouse_id`) REFERENCES `warehouses` (`warehouse_id`)
) ENGINE=InnoDB DEFAULT CHARSET=utf8mb4 COLLATE=utf8mb4_unicode_ci;


-- --------------------------------------------------------
-- هيكل الجدول: `invoice_items`
-- --------------------------------------------------------

DROP TABLE IF EXISTS `invoice_items`;
CREATE TABLE `invoice_items` (
  `item_id` int(11) NOT NULL AUTO_INCREMENT,
  `product_id` int(11) DEFAULT NULL,
  `invoice_id` int(11) NOT NULL,
  `product_name` varchar(100) NOT NULL,
  `product_unit` varchar(20) NOT NULL,
  `product_quantity` decimal(10,2) NOT NULL,
  `product_price` decimal(10,2) NOT NULL,
  `product_discount` decimal(10,2) DEFAULT 0.00,
  `product_tax_rate` decimal(5,2) DEFAULT 15.00,
  `product_total` decimal(10,2) NOT NULL,
  `created_at` timestamp NOT NULL DEFAULT current_timestamp(),
  PRIMARY KEY (`item_id`),
  KEY `invoice_id` (`invoice_id`),
  CONSTRAINT `invoice_items_ibfk_1` FOREIGN KEY (`invoice_id`) REFERENCES `invoices` (`invoice_id`) ON DELETE CASCADE
) ENGINE=InnoDB AUTO_INCREMENT=133 DEFAULT CHARSET=utf8mb4 COLLATE=utf8mb4_unicode_ci;

-- --------------------------------------------------------
-- بيانات الجدول: `invoice_items` (71 سجل)
-- --------------------------------------------------------

INSERT INTO `invoice_items` VALUES ('39', '39', '24', 'كيس اسمنت ابيض 50 كجم المنصب', 'كيلو', '2.00', '8000.00', '0.00', '15.00', '16000.00', '2026-03-03 01:25:02');
INSERT INTO `invoice_items` VALUES ('40', '40', '24', 'كيس سيكة نصروك', 'قطعة', '1.00', '3000.00', '0.00', '15.00', '3000.00', '2026-03-03 01:25:02');
INSERT INTO `invoice_items` VALUES ('41', '41', '24', 'شوالة بودرة ناعم', 'كيلو', '12.00', '1500.00', '0.00', '15.00', '18000.00', '2026-03-03 01:25:02');
INSERT INTO `invoice_items` VALUES ('42', '42', '24', 'مكينية طرطشة', 'قطعة', '1.00', '3500.00', '0.00', '15.00', '3500.00', '2026-03-03 01:25:02');
INSERT INTO `invoice_items` VALUES ('44', '44', '26', 'بانة فك حنش 17', 'قطعة', '1.00', '1000.00', '200.00', '15.00', '800.00', '2026-03-08 11:43:39');
INSERT INTO `invoice_items` VALUES ('45', '45', '27', 'حبل اصفر 10 ملي', 'قطعة', '1.00', '1000.00', '100.00', '15.00', '900.00', '2026-03-08 11:50:19');
INSERT INTO `invoice_items` VALUES ('47', '47', '29', 'شليشان كهرباء اصفر', 'قطعة', '1.00', '200.00', '0.00', '15.00', '200.00', '2026-03-08 11:56:23');
INSERT INTO `invoice_items` VALUES ('48', '48', '30', 'مسامير ابو 2 هنش عادي', 'كيلو', '1.00', '500.00', '100.00', '15.00', '400.00', '2026-03-08 11:58:05');
INSERT INTO `invoice_items` VALUES ('49', '49', '31', 'النكي صغير', 'قطعة', '1.00', '300.00', '0.00', '15.00', '300.00', '2026-03-09 08:21:47');
INSERT INTO `invoice_items` VALUES ('50', '50', '31', 'مسامير صلب 2 هنش ازرق', 'قطعة', '5.00', '20.00', '0.00', '15.00', '100.00', '2026-03-09 08:21:47');
INSERT INTO `invoice_items` VALUES ('51', '51', '31', 'خيط بناء ملون', 'قطعة', '1.00', '200.00', '0.00', '15.00', '200.00', '2026-03-09 08:21:47');
INSERT INTO `invoice_items` VALUES ('52', '52', '32', 'منشار صغير يد خشب', 'قطعة', '1.00', '500.00', '0.00', '15.00', '500.00', '2026-03-09 08:23:57');
INSERT INTO `invoice_items` VALUES ('53', '53', '33', 'سلكون الماني اسود', 'قطعة', '1.00', '1300.00', '0.00', '15.00', '1300.00', '2026-03-09 08:26:04');
INSERT INTO `invoice_items` VALUES ('54', '54', '34', 'لصقة كهرباء اسود', 'قطعة', '2.00', '200.00', '0.00', '15.00', '400.00', '2026-03-09 08:29:33');
INSERT INTO `invoice_items` VALUES ('55', '55', '34', 'خيط بناء ملون', 'قطعة', '1.00', '200.00', '0.00', '15.00', '200.00', '2026-03-09 08:29:33');
INSERT INTO `invoice_items` VALUES ('56', '56', '35', 'عصاء مكنس', 'قطعة', '1.00', '250.00', '50.00', '15.00', '200.00', '2026-03-09 08:34:37');
INSERT INTO `invoice_items` VALUES ('57', '57', '35', 'مكنسة ناعم', 'قطعة', '1.00', '1000.00', '0.00', '15.00', '1000.00', '2026-03-09 08:34:37');
INSERT INTO `invoice_items` VALUES ('58', '58', '36', 'علبة رنج زيتي 1/2 كيلو كميكو اصفر', 'قطعة', '5.00', '1300.00', '900.00', '15.00', '5600.00', '2026-03-09 08:56:32');
INSERT INTO `invoice_items` VALUES ('59', '59', '37', 'لمبة 7 وات ابو سلك جودز طاقة', 'قطعة', '1.00', '500.00', '0.00', '15.00', '500.00', '2026-03-09 08:57:26');
INSERT INTO `invoice_items` VALUES ('60', '60', '38', 'سمنت اسود', 'كيلو', '4.00', '150.00', '0.00', '15.00', '600.00', '2026-03-09 08:59:43');
INSERT INTO `invoice_items` VALUES ('61', '61', '39', 'شلك موكيت كبراء', 'قطعة', '1.00', '600.00', '100.00', '15.00', '500.00', '2026-03-09 09:00:32');
INSERT INTO `invoice_items` VALUES ('62', '62', '40', 'لي ماء اخضر 1/2 هنش تركي', 'متر', '6.00', '400.00', '700.00', '15.00', '1700.00', '2026-03-10 02:01:19');
INSERT INTO `invoice_items` VALUES ('63', '63', '40', 'مطرقة 100 جرام اصفر', 'قطعة', '1.00', '1000.00', '0.00', '15.00', '1000.00', '2026-03-10 02:01:19');
INSERT INTO `invoice_items` VALUES ('64', '64', '40', 'سمنت اسود', 'كيلو', '7.00', '150.00', '50.00', '15.00', '1000.00', '2026-03-10 02:01:19');
INSERT INTO `invoice_items` VALUES ('65', '65', '40', 'شبك صفاية بلستيك', 'قطعة', '2.00', '100.00', '0.00', '15.00', '200.00', '2026-03-10 02:01:19');
INSERT INTO `invoice_items` VALUES ('66', '66', '41', 'جلبة حديد 3/4 هنش', 'قطعة', '1.00', '200.00', '0.00', '15.00', '200.00', '2026-03-11 01:29:44');
INSERT INTO `invoice_items` VALUES ('67', '67', '41', 'سدة حديد 3/4 هنش', 'قطعة', '1.00', '100.00', '0.00', '15.00', '100.00', '2026-03-11 01:29:44');
INSERT INTO `invoice_items` VALUES ('68', '68', '42', 'مسامير صلب 2 هنش ازرق', 'قطعة', '6.00', '20.00', '20.00', '15.00', '100.00', '2026-03-11 01:35:20');
INSERT INTO `invoice_items` VALUES ('69', '69', '42', 'ويسرات 10 ملي', 'قطعة', '4.00', '25.00', '0.00', '15.00', '100.00', '2026-03-11 01:35:20');
INSERT INTO `invoice_items` VALUES ('70', '70', '43', 'مكرة  كبير رنج يد بلستيك ', 'قطعة', '1.00', '1000.00', '0.00', '15.00', '1000.00', '2026-03-11 06:00:39');
INSERT INTO `invoice_items` VALUES ('71', '71', '43', 'جالون زيتي اورنت ستايل 411', 'قطعة', '1.00', '6500.00', '0.00', '15.00', '6500.00', '2026-03-11 06:00:39');
INSERT INTO `invoice_items` VALUES ('72', '72', '43', 'شلك موكيت كبراء', 'قطعة', '1.00', '600.00', '0.00', '15.00', '600.00', '2026-03-11 06:00:39');
INSERT INTO `invoice_items` VALUES ('73', '73', '43', 'شلك شمعي', 'قطعة', '1.00', '50.00', '0.00', '15.00', '50.00', '2026-03-11 06:00:39');
INSERT INTO `invoice_items` VALUES ('74', '74', '44', 'سمنت ابيض المنصب', 'كيلو', '1.00', '200.00', '0.00', '15.00', '200.00', '2026-03-12 01:07:26');
INSERT INTO `invoice_items` VALUES ('75', '75', '45', 'سمنت اسود', 'كيلو', '5.00', '150.00', '0.00', '15.00', '750.00', '2026-03-12 01:35:31');
INSERT INTO `invoice_items` VALUES ('77', '77', '47', 'سمنت اسود', 'كيلو', '1.00', '150.00', '0.00', '15.00', '150.00', '2026-03-12 09:48:03');
INSERT INTO `invoice_items` VALUES ('82', '82', '52', 'حنفي بلستيك ابيض 1/2 هنش', 'قطعة', '1.00', '500.00', '0.00', '15.00', '500.00', '2026-03-12 13:27:33');
INSERT INTO `invoice_items` VALUES ('83', '83', '52', 'لصقة تيب', 'قطعة', '1.00', '200.00', '0.00', '15.00', '200.00', '2026-03-12 13:27:33');
INSERT INTO `invoice_items` VALUES ('84', '84', '53', 'محبس حديد ازرق 3/4 هنش', 'قطعة', '1.00', '1800.00', '200.00', '15.00', '1600.00', '2026-03-12 13:29:02');
INSERT INTO `invoice_items` VALUES ('85', '85', '54', 'كفوف ربل طويل احمر و ازرق', 'قطعة', '1.00', '600.00', '0.00', '15.00', '600.00', '2026-03-13 01:05:23');
INSERT INTO `invoice_items` VALUES ('100', '100', '65', 'علبة حديد ابو 1 خط', 'قطعة', '15.00', '250.00', '750.00', '15.00', '3000.00', '2026-03-14 08:54:12');
INSERT INTO `invoice_items` VALUES ('101', '101', '65', 'علبة حديد ابو 2 خط', 'قطعة', '20.00', '350.00', '0.00', '15.00', '7000.00', '2026-03-14 08:54:12');
INSERT INTO `invoice_items` VALUES ('102', '102', '65', 'علبة حديد ابو 3 خط', 'قطعة', '15.00', '450.00', '50.00', '15.00', '6700.00', '2026-03-14 08:54:12');
INSERT INTO `invoice_items` VALUES ('103', '103', '65', 'قسام 15*10 اسود', 'قطعة', '15.00', '150.00', '0.00', '15.00', '2250.00', '2026-03-14 08:54:12');
INSERT INTO `invoice_items` VALUES ('104', '104', '65', 'قسام 10*10', 'قطعة', '10.00', '100.00', '0.00', '15.00', '1000.00', '2026-03-14 08:54:12');
INSERT INTO `invoice_items` VALUES ('105', '105', '65', 'طبلوم 9 خط ديلوكس', 'قطعة', '2.00', '4500.00', '0.00', '15.00', '9000.00', '2026-03-14 08:54:12');
INSERT INTO `invoice_items` VALUES ('106', '106', '65', 'قسام 30*25 اصباني', 'قطعة', '1.00', '1200.00', '0.00', '15.00', '1200.00', '2026-03-14 08:54:12');
INSERT INTO `invoice_items` VALUES ('107', '107', '65', 'لفة حنجور 1/2 هنش', 'قطعة', '2.00', '1500.00', '0.00', '15.00', '3000.00', '2026-03-14 08:54:12');
INSERT INTO `invoice_items` VALUES ('108', '108', '65', 'لفة حنجور 3/4 هنش', 'قطعة', '2.00', '1200.00', '0.00', '15.00', '2400.00', '2026-03-14 08:54:12');
INSERT INTO `invoice_items` VALUES ('109', '109', '65', 'لصقة كهرباء ملون', 'قطعة', '2.00', '200.00', '0.00', '15.00', '400.00', '2026-03-14 08:54:12');
INSERT INTO `invoice_items` VALUES ('110', '110', '65', 'طبلون 10-13 كنول', 'قطعة', '1.00', '5000.00', '0.00', '15.00', '5000.00', '2026-03-14 08:54:12');
INSERT INTO `invoice_items` VALUES ('111', '111', '65', 'بكس كهرباء 3/4 هنش اصلي', 'قطعة', '7.00', '70.00', '0.00', '15.00', '490.00', '2026-03-14 08:54:12');
INSERT INTO `invoice_items` VALUES ('112', '112', '65', 'لي ماء اخضر 1 هنس', 'متر', '2.00', '600.00', '0.00', '15.00', '1200.00', '2026-03-14 08:54:12');
INSERT INTO `invoice_items` VALUES ('113', '113', '65', 'مسامير كليبات كهرباء ابيض 22 ملي', 'قطعة', '1.00', '700.00', '0.00', '15.00', '700.00', '2026-03-14 08:54:12');
INSERT INTO `invoice_items` VALUES ('114', '114', '65', 'لصقة عازل رصاصي', 'قطعة', '1.00', '500.00', '0.00', '15.00', '500.00', '2026-03-14 08:54:12');
INSERT INTO `invoice_items` VALUES ('117', NULL, '68', 'حبل اصفر 8 ملي', 'قطعة', '1.00', '800.00', '100.00', '15.00', '700.00', '2026-03-15 10:44:46');
INSERT INTO `invoice_items` VALUES ('118', NULL, '69', 'مكرة رنج صغير', 'قطعة', '1.00', '300.00', '0.00', '15.00', '300.00', '2026-03-15 10:50:17');
INSERT INTO `invoice_items` VALUES ('119', NULL, '69', 'زوج كفوف اخضر', 'قطعة', '1.00', '500.00', '0.00', '15.00', '500.00', '2026-03-15 10:50:17');
INSERT INTO `invoice_items` VALUES ('120', NULL, '69', 'شلك شمعي', 'قطعة', '2.00', '50.00', '0.00', '15.00', '100.00', '2026-03-15 10:50:17');
INSERT INTO `invoice_items` VALUES ('121', NULL, '69', 'لصقة عازل رصاصي', 'قطعة', '1.00', '500.00', '0.00', '15.00', '500.00', '2026-03-15 10:50:17');
INSERT INTO `invoice_items` VALUES ('122', NULL, '69', 'عصاء مكنس', 'قطعة', '1.00', '250.00', '0.00', '15.00', '250.00', '2026-03-15 10:50:17');
INSERT INTO `invoice_items` VALUES ('123', NULL, '70', 'محبس حديد احمر 1/2 هنش', 'قطعة', '1.00', '1500.00', '0.00', '15.00', '1500.00', '2026-03-15 11:20:43');
INSERT INTO `invoice_items` VALUES ('124', NULL, '70', 'ركبة حديد 1/2 هنش', 'قطعة', '1.00', '300.00', '0.00', '15.00', '300.00', '2026-03-15 11:20:43');
INSERT INTO `invoice_items` VALUES ('125', NULL, '70', 'جلبة سن خارجي 1/2 هنش ض 80', 'قطعة', '1.00', '300.00', '0.00', '15.00', '300.00', '2026-03-15 11:20:43');
INSERT INTO `invoice_items` VALUES ('126', NULL, '70', 'جلبة حديد ذكر 1/2 هنش', 'قطعة', '1.00', '300.00', '0.00', '15.00', '300.00', '2026-03-15 11:20:43');
INSERT INTO `invoice_items` VALUES ('127', NULL, '70', 'ركبة كبس 1/2 هنش ض 80', 'قطعة', '1.00', '100.00', '0.00', '15.00', '100.00', '2026-03-15 11:20:43');
INSERT INTO `invoice_items` VALUES ('128', NULL, '70', 'جلبة كبس حار 1/2 هنش ض 80', 'قطعة', '1.00', '100.00', '0.00', '15.00', '100.00', '2026-03-15 11:20:43');
INSERT INTO `invoice_items` VALUES ('129', NULL, '70', 'غراء حار سفري ماليزي', 'قطعة', '1.00', '300.00', '0.00', '15.00', '300.00', '2026-03-15 11:20:43');
INSERT INTO `invoice_items` VALUES ('130', NULL, '70', 'لصقة تيب', 'قطعة', '1.00', '200.00', '0.00', '15.00', '200.00', '2026-03-15 11:20:43');
INSERT INTO `invoice_items` VALUES ('131', NULL, '71', 'ويسرات شبك تليوس 16 ملي', 'متر', '0.10', '1200.00', '0.00', '15.00', '120.00', '2026-03-16 03:20:38');
INSERT INTO `invoice_items` VALUES ('132', NULL, '71', 'شده خوابير مع المسامير 8 ملي ازرق ', 'قطعة', '0.40', '700.00', '0.00', '15.00', '280.00', '2026-03-16 03:20:38');


-- --------------------------------------------------------
-- هيكل الجدول: `invoices`
-- --------------------------------------------------------

DROP TABLE IF EXISTS `invoices`;
CREATE TABLE `invoices` (
  `invoice_id` int(11) NOT NULL AUTO_INCREMENT,
  `invoice_number` varchar(50) NOT NULL,
  `invoice_date` date NOT NULL,
  `customer_id` int(11) NOT NULL,
  `subtotal` decimal(12,2) DEFAULT 0.00,
  `total_discount` decimal(12,2) DEFAULT 0.00,
  `total_tax` decimal(12,2) DEFAULT 0.00,
  `grand_total` decimal(12,2) DEFAULT 0.00,
  `paid_amount` decimal(12,2) DEFAULT 0.00,
  `remaining_amount` decimal(12,2) DEFAULT 0.00,
  `payment_status` enum('مدفوعة','جزئي','غير مدفوعة') DEFAULT 'غير مدفوعة',
  `payment_method` enum('نقدي','بطاقة','تحويل','شيك') DEFAULT 'نقدي',
  `notes` text DEFAULT NULL,
  `created_by` int(11) DEFAULT NULL,
  `created_at` timestamp NOT NULL DEFAULT current_timestamp(),
  `updated_at` timestamp NOT NULL DEFAULT current_timestamp() ON UPDATE current_timestamp(),
  PRIMARY KEY (`invoice_id`),
  UNIQUE KEY `invoice_number` (`invoice_number`),
  KEY `customer_id` (`customer_id`),
  KEY `idx_invoice_number` (`invoice_number`),
  KEY `idx_invoice_date` (`invoice_date`),
  KEY `idx_payment_status` (`payment_status`),
  CONSTRAINT `invoices_ibfk_1` FOREIGN KEY (`customer_id`) REFERENCES `customers` (`customer_id`)
) ENGINE=InnoDB AUTO_INCREMENT=72 DEFAULT CHARSET=utf8mb4 COLLATE=utf8mb4_unicode_ci;

-- --------------------------------------------------------
-- بيانات الجدول: `invoices` (29 سجل)
-- --------------------------------------------------------

INSERT INTO `invoices` VALUES ('24', 'INV-202603-0024', '2026-03-03', '15', '40500.00', '0.00', '0.00', '40500.00', '0.00', '40500.00', 'غير مدفوعة', 'نقدي', '', '0', '2026-03-03 01:25:02', '2026-03-03 01:25:02');
INSERT INTO `invoices` VALUES ('26', 'INV-202603-0025', '2026-03-09', '3', '1000.00', '200.00', '0.00', '800.00', '800.00', '0.00', 'مدفوعة', 'نقدي', '', '0', '2026-03-08 11:43:39', '2026-03-08 11:43:39');
INSERT INTO `invoices` VALUES ('27', 'INV-202603-0027', '2026-03-09', '3', '1000.00', '100.00', '0.00', '900.00', '900.00', '0.00', 'مدفوعة', 'نقدي', '', '0', '2026-03-08 11:50:19', '2026-03-08 11:50:19');
INSERT INTO `invoices` VALUES ('29', 'INV-202603-0028', '2026-02-28', '4', '200.00', '0.00', '0.00', '200.00', '0.00', '200.00', 'غير مدفوعة', 'نقدي', '', '0', '2026-03-08 11:56:23', '2026-03-08 11:56:23');
INSERT INTO `invoices` VALUES ('30', 'INV-202603-0030', '2026-03-08', '3', '500.00', '100.00', '0.00', '400.00', '400.00', '0.00', 'مدفوعة', 'نقدي', '', '0', '2026-03-08 11:58:05', '2026-03-08 11:58:05');
INSERT INTO `invoices` VALUES ('31', 'INV-202603-0031', '2026-03-09', '16', '600.00', '0.00', '0.00', '600.00', '0.00', '600.00', 'غير مدفوعة', 'نقدي', '', '0', '2026-03-09 08:21:47', '2026-03-09 08:21:47');
INSERT INTO `invoices` VALUES ('32', 'INV-202603-0032', '2026-03-09', '17', '500.00', '0.00', '0.00', '500.00', '0.00', '500.00', 'غير مدفوعة', 'نقدي', '', '0', '2026-03-09 08:23:57', '2026-03-09 08:23:57');
INSERT INTO `invoices` VALUES ('33', 'INV-202603-0033', '2026-03-09', '17', '1300.00', '0.00', '0.00', '1300.00', '0.00', '1300.00', 'غير مدفوعة', 'نقدي', '', '0', '2026-03-09 08:26:04', '2026-03-09 08:26:04');
INSERT INTO `invoices` VALUES ('34', 'INV-202603-0034', '2026-02-27', '17', '600.00', '0.00', '0.00', '600.00', '0.00', '600.00', 'غير مدفوعة', 'نقدي', '', '0', '2026-03-09 08:29:33', '2026-03-09 08:29:33');
INSERT INTO `invoices` VALUES ('35', 'INV-202603-0035', '2026-02-17', '17', '1250.00', '50.00', '0.00', '1200.00', '0.00', '1200.00', 'غير مدفوعة', 'نقدي', '', '0', '2026-03-09 08:34:37', '2026-03-09 08:34:37');
INSERT INTO `invoices` VALUES ('36', 'INV-202603-0036', '2026-02-15', '3', '6500.00', '900.00', '0.00', '5600.00', '5600.00', '0.00', 'مدفوعة', 'نقدي', '', '0', '2026-03-09 08:56:32', '2026-03-09 08:56:32');
INSERT INTO `invoices` VALUES ('37', 'INV-202603-0037', '2026-02-16', '3', '500.00', '0.00', '0.00', '500.00', '500.00', '0.00', 'مدفوعة', 'نقدي', '', '0', '2026-03-09 08:57:26', '2026-03-09 08:57:26');
INSERT INTO `invoices` VALUES ('38', 'INV-202603-0038', '2026-03-09', '18', '600.00', '0.00', '0.00', '600.00', '600.00', '0.00', 'مدفوعة', 'نقدي', '', '0', '2026-03-09 08:59:43', '2026-03-09 08:59:43');
INSERT INTO `invoices` VALUES ('39', 'INV-202603-0039', '2026-02-17', '3', '600.00', '100.00', '0.00', '500.00', '500.00', '0.00', 'مدفوعة', 'نقدي', '', '0', '2026-03-09 09:00:32', '2026-03-09 09:00:32');
INSERT INTO `invoices` VALUES ('40', 'INV-202603-0040', '2026-03-10', '3', '4650.00', '750.00', '0.00', '3900.00', '3900.00', '0.00', 'مدفوعة', 'نقدي', '', '0', '2026-03-10 02:01:19', '2026-03-10 02:01:19');
INSERT INTO `invoices` VALUES ('41', 'INV-202603-0041', '2026-03-11', '17', '300.00', '0.00', '0.00', '300.00', '0.00', '300.00', 'غير مدفوعة', 'نقدي', '', '0', '2026-03-11 01:29:44', '2026-03-11 01:29:44');
INSERT INTO `invoices` VALUES ('42', 'INV-202603-0042', '2026-03-11', '16', '220.00', '20.00', '0.00', '200.00', '0.00', '200.00', 'غير مدفوعة', 'نقدي', '', '0', '2026-03-11 01:35:20', '2026-03-11 01:35:20');
INSERT INTO `invoices` VALUES ('43', 'INV-202603-0043', '2026-03-11', '19', '8150.00', '0.00', '0.00', '8150.00', '0.00', '8150.00', 'غير مدفوعة', 'نقدي', '', '0', '2026-03-11 06:00:39', '2026-03-11 06:00:39');
INSERT INTO `invoices` VALUES ('44', 'INV-202603-0044', '2026-03-12', '3', '200.00', '0.00', '0.00', '200.00', '200.00', '0.00', 'مدفوعة', 'نقدي', '', '0', '2026-03-12 01:07:26', '2026-03-12 01:07:26');
INSERT INTO `invoices` VALUES ('45', 'INV-202603-0045', '2026-03-12', '3', '750.00', '0.00', '0.00', '750.00', '1000.00', '0.00', 'مدفوعة', 'نقدي', '', '0', '2026-03-12 01:35:31', '2026-03-12 01:35:31');
INSERT INTO `invoices` VALUES ('47', 'INV-202603-0047', '2026-03-12', '21', '150.00', '0.00', '0.00', '150.00', '0.00', '150.00', 'غير مدفوعة', 'نقدي', '', '0', '2026-03-12 09:48:03', '2026-03-12 09:48:03');
INSERT INTO `invoices` VALUES ('52', 'INV-202603-0052', '2026-03-13', '3', '700.00', '0.00', '0.00', '700.00', '700.00', '0.00', 'مدفوعة', 'نقدي', '', '0', '2026-03-12 13:27:33', '2026-03-12 13:27:33');
INSERT INTO `invoices` VALUES ('53', 'INV-202603-0053', '2026-03-13', '3', '1800.00', '200.00', '0.00', '1600.00', '1600.00', '0.00', 'مدفوعة', 'نقدي', '', '0', '2026-03-12 13:29:02', '2026-03-12 13:29:02');
INSERT INTO `invoices` VALUES ('54', 'INV-202603-0054', '2026-03-13', '3', '600.00', '0.00', '0.00', '600.00', '600.00', '0.00', 'مدفوعة', 'نقدي', '', '0', '2026-03-13 01:05:23', '2026-03-13 01:05:23');
INSERT INTO `invoices` VALUES ('65', 'INV-202603-0065', '2026-01-19', '15', '44640.00', '800.00', '0.00', '43840.00', '0.00', '43840.00', 'غير مدفوعة', 'نقدي', '', '4', '2026-03-14 08:54:12', '2026-03-14 08:54:12');
INSERT INTO `invoices` VALUES ('68', 'INV-202603-0066', '2026-03-15', '3', '800.00', '100.00', '0.00', '700.00', '700.00', '0.00', 'مدفوعة', 'نقدي', '', '4', '2026-03-15 10:44:46', '2026-03-15 10:44:46');
INSERT INTO `invoices` VALUES ('69', 'INV-202603-0069', '2026-03-14', '19', '1650.00', '0.00', '0.00', '1650.00', '0.00', '1650.00', 'غير مدفوعة', 'نقدي', '', '4', '2026-03-15 10:50:17', '2026-03-15 10:50:17');
INSERT INTO `invoices` VALUES ('70', 'INV-202603-0070', '2026-03-15', '19', '3100.00', '0.00', '0.00', '3100.00', '0.00', '3100.00', 'غير مدفوعة', 'نقدي', '', '5', '2026-03-15 11:20:43', '2026-03-15 11:20:43');
INSERT INTO `invoices` VALUES ('71', 'INV-202603-0071', '2026-03-16', '25', '400.00', '0.00', '0.00', '400.00', '0.00', '400.00', 'غير مدفوعة', 'نقدي', '', '5', '2026-03-16 03:20:38', '2026-03-16 03:20:38');


-- --------------------------------------------------------
-- هيكل الجدول: `payments`
-- --------------------------------------------------------

DROP TABLE IF EXISTS `payments`;
CREATE TABLE `payments` (
  `id` int(11) NOT NULL AUTO_INCREMENT,
  `purchase_id` int(11) DEFAULT NULL,
  `payment_date` date NOT NULL,
  `payment_amount` decimal(10,2) NOT NULL,
  `payment_method` varchar(50) DEFAULT 'نقدي',
  `notes` text DEFAULT NULL,
  `created_at` timestamp NOT NULL DEFAULT current_timestamp(),
  PRIMARY KEY (`id`),
  KEY `purchase_id` (`purchase_id`),
  CONSTRAINT `payments_ibfk_1` FOREIGN KEY (`purchase_id`) REFERENCES `purchases` (`id`) ON DELETE SET NULL
) ENGINE=InnoDB DEFAULT CHARSET=utf8mb4 COLLATE=utf8mb4_unicode_ci;


-- --------------------------------------------------------
-- هيكل الجدول: `products`
-- --------------------------------------------------------

DROP TABLE IF EXISTS `products`;
CREATE TABLE `products` (
  `product_id` int(11) NOT NULL AUTO_INCREMENT,
  `product_code` varchar(50) NOT NULL,
  `product_name` varchar(100) NOT NULL,
  `product_unit` varchar(20) NOT NULL,
  `product_category` varchar(50) DEFAULT NULL,
  `purchase_price` decimal(10,2) DEFAULT NULL,
  `selling_price` decimal(10,2) NOT NULL,
  `min_quantity` decimal(10,1) DEFAULT 10.0,
  `current_quantity` decimal(10,1) DEFAULT 0.0,
  `supplier_id` int(11) DEFAULT NULL,
  `created_at` timestamp NOT NULL DEFAULT current_timestamp(),
  `updated_at` timestamp NOT NULL DEFAULT current_timestamp() ON UPDATE current_timestamp(),
  PRIMARY KEY (`product_id`),
  UNIQUE KEY `product_code` (`product_code`),
  KEY `idx_product_name` (`product_name`),
  KEY `idx_product_code` (`product_code`)
) ENGINE=InnoDB AUTO_INCREMENT=877 DEFAULT CHARSET=utf8mb4 COLLATE=utf8mb4_unicode_ci;

-- --------------------------------------------------------
-- بيانات الجدول: `products` (864 سجل)
-- --------------------------------------------------------

INSERT INTO `products` VALUES ('12', 'DIR-20267797', 'لمبة ديكور كهرباء', 'قطعة', 'كهرباء', '0.00', '1500.00', '10.0', '6.0', NULL, '2026-02-22 09:44:38', '2026-03-08 11:40:46');
INSERT INTO `products` VALUES ('13', 'DIR-20269042', 'لبمة 9 وات كرستال كهربا', 'قطعة', 'كهرباء', '0.00', '800.00', '10.0', '16.0', NULL, '2026-02-22 09:44:38', '2026-02-22 09:44:38');
INSERT INTO `products` VALUES ('14', 'DIR-20262643', 'لمبة 7 وات كرستال', 'قطعة', 'كهرباء', '0.00', '600.00', '10.0', '26.0', NULL, '2026-02-22 10:00:18', '2026-02-23 11:56:56');
INSERT INTO `products` VALUES ('15', 'DIR-20265162', 'لمبة 5 وات كرستال', 'قطعة', 'كهرباء', '0.00', '500.00', '10.0', '21.0', NULL, '2026-02-22 10:00:18', '2026-02-23 09:49:06');
INSERT INTO `products` VALUES ('16', 'DIR-20263661', 'لمبة 20 وات كرستال', 'قطعة', 'كهرباء', '0.00', '1100.00', '10.0', '5.0', NULL, '2026-02-22 10:00:18', '2026-02-22 10:00:18');
INSERT INTO `products` VALUES ('17', 'DIR-20263663', 'لمبة 30 وات كوستار', 'قطعة', 'كهرباء', '0.00', '1500.00', '10.0', '5.0', NULL, '2026-02-22 10:00:18', '2026-02-22 10:00:18');
INSERT INTO `products` VALUES ('18', 'DIR-20260359', 'لمبة 40 وات هيوسون', 'قطعة', 'كهرباء', '0.00', '2500.00', '10.0', '2.0', NULL, '2026-02-22 10:00:18', '2026-02-22 10:00:18');
INSERT INTO `products` VALUES ('19', 'DIR-20269397', 'لمبة 40 وات كرستال', 'قطعة', 'مواد متنوعة', '0.00', '2500.00', '10.0', '5.0', NULL, '2026-02-22 10:00:18', '2026-02-22 10:00:18');
INSERT INTO `products` VALUES ('20', 'DIR-20261254', 'لمبة 9 وات حساس كرستال', 'قطعة', 'كهرباء', '0.00', '1700.00', '10.0', '10.0', NULL, '2026-02-22 10:00:18', '2026-02-22 10:00:18');
INSERT INTO `products` VALUES ('21', 'DIR-20269924', 'لمبة 7 وات حساس كرستال', 'قطعة', 'كهرباء', '1200.00', '1500.00', '10.0', '8.0', NULL, '2026-02-22 10:00:18', '2026-02-23 07:27:56');
INSERT INTO `products` VALUES ('22', 'DIR-20267694', 'لمبة 5 وات حساس ديلوكس', 'قطعة', 'كهرباء', '0.00', '1000.00', '10.0', '3.0', NULL, '2026-02-22 10:00:18', '2026-02-23 11:18:40');
INSERT INTO `products` VALUES ('23', 'DIR-20263719', 'لمبة 5 وات ديورمب', 'قطعة', 'كهرباء', '1.00', '500.00', '10.0', '1.0', NULL, '2026-02-22 10:00:18', '2026-03-12 01:52:19');
INSERT INTO `products` VALUES ('24', 'DIR-20263265', 'لمنبة سهاري ملون ', 'قطعة', 'مواد متنوعة', '31.00', '300.00', '10.0', '1.0', NULL, '2026-02-22 10:00:18', '2026-02-22 10:00:18');
INSERT INTO `products` VALUES ('25', 'DIR-20268404', 'قاطع طبلون كنول', 'قطعة', 'قطعة', '0.00', '3000.00', '10.0', '2.0', NULL, '2026-02-22 10:05:49', '2026-02-22 10:05:49');
INSERT INTO `products` VALUES ('26', 'DIR-20261827', 'قاطع طبلون كنول مفرد', 'قطعة', 'مواد متنوعة', '0.00', '1500.00', '10.0', '10.0', NULL, '2026-02-22 10:05:49', '2026-02-23 11:52:53');
INSERT INTO `products` VALUES ('27', 'DIR-20263066', 'قاعدة شاشة متحركة', 'قطعة', 'مواد متنوعة', '0.00', '1500.00', '10.0', '15.0', NULL, '2026-02-22 10:05:49', '2026-02-22 10:05:49');
INSERT INTO `products` VALUES ('28', 'DIR-20268920', 'طبلوم 4-6 كنول', 'قطعة', 'مواد متنوعة', '0.00', '4000.00', '10.0', '5.0', NULL, '2026-02-22 10:05:49', '2026-02-22 10:05:49');
INSERT INTO `products` VALUES ('29', 'DIR-20266771', 'طبلوم 4-6 ديلوكس', 'قطعة', 'مواد متنوعة', '0.00', '3500.00', '10.0', '1.0', NULL, '2026-02-22 10:05:49', '2026-02-22 10:05:49');
INSERT INTO `products` VALUES ('30', 'DIR-20266822', 'طبلوم 9 خط ديلوكس', 'قطعة', 'كهرباء', '4000.00', '4500.00', '10.0', '0.0', NULL, '2026-02-22 10:05:49', '2026-03-14 08:54:12');
INSERT INTO `products` VALUES ('31', 'DIR-20261599', 'طبلون 10-13 كنول', 'قطعة', 'مواد متنوعة', '0.00', '5000.00', '10.0', '4.0', NULL, '2026-02-22 10:05:49', '2026-03-14 08:54:12');
INSERT INTO `products` VALUES ('32', 'DIR-20265565', 'مفتاح ابو 1 خط كنول دريكسون فضي', 'قطعة', 'كهرباء', '0.00', '700.00', '10.0', '20.0', NULL, '2026-02-22 10:35:01', '2026-02-22 10:35:01');
INSERT INTO `products` VALUES ('33', 'DIR-20269860', 'مفتاح ابو 2 خط كنول دريكسون فضي', 'قطعة', 'كهرباء', '0.00', '900.00', '10.0', '50.0', NULL, '2026-02-22 10:35:01', '2026-02-22 10:35:01');
INSERT INTO `products` VALUES ('34', 'DIR-20265837', 'مفتاح ابو 3 خط كنول دريكسون فضي', 'قطعة', 'كهرباء', '0.00', '1200.00', '10.0', '46.0', NULL, '2026-02-22 10:35:01', '2026-02-22 10:35:01');
INSERT INTO `products` VALUES ('35', 'DIR-20268139', 'مفتاح سخان كنول دريكسون فضي', 'قطعة', 'كهرباء', '0.00', '1200.00', '10.0', '36.0', NULL, '2026-02-22 10:35:01', '2026-02-22 10:35:01');
INSERT INTO `products` VALUES ('36', 'DIR-20262489', 'متاح طاقة شمسية ملون', 'قطعة', 'كهرباء', '0.00', '200.00', '10.0', '36.0', NULL, '2026-02-22 10:35:01', '2026-02-23 11:51:55');
INSERT INTO `products` VALUES ('37', 'DIR-20266136', 'فيش اشارة + USB فضي', 'قطعة', 'كهرباء', '0.00', '3000.00', '10.0', '27.0', NULL, '2026-02-22 10:35:01', '2026-02-22 10:35:01');
INSERT INTO `products` VALUES ('38', 'DIR-20262268', 'فيش USB مزدوج', 'قطعة', 'كهرباء', '0.00', '1800.00', '10.0', '24.0', NULL, '2026-02-22 10:35:01', '2026-02-22 10:35:01');
INSERT INTO `products` VALUES ('39', 'DIR-20266357', 'فيش اشارة 13 امبير ', 'قطعة', 'كهرباء', '0.00', '1200.00', '10.0', '54.0', NULL, '2026-02-22 10:35:01', '2026-02-22 10:35:01');
INSERT INTO `products` VALUES ('40', 'DIR-20269848', 'بلاك تلفون', 'قطعة', 'كهرباء', '0.00', '1000.00', '10.0', '19.0', NULL, '2026-02-22 10:35:01', '2026-02-22 10:35:01');
INSERT INTO `products` VALUES ('41', 'DIR-20267823', 'بلاك ستلايت', 'قطعة', 'كهرباء', '0.00', '1000.00', '10.0', '14.0', NULL, '2026-02-22 10:35:01', '2026-02-22 10:35:01');
INSERT INTO `products` VALUES ('42', 'DIR-20262267', 'مفتاح ابو 1 خط كنول دريكسون ذهبي', 'قطعة', 'كهرباء', '0.00', '700.00', '10.0', '17.0', NULL, '2026-02-22 10:35:01', '2026-02-22 10:35:01');
INSERT INTO `products` VALUES ('43', 'DIR-20260027', 'مفتاح ابو 2 خط كنول دريكسون ذهبي', 'قطعة', 'كهرباء', '0.00', '900.00', '10.0', '40.0', NULL, '2026-02-22 10:35:01', '2026-02-22 10:35:01');
INSERT INTO `products` VALUES ('44', 'DIR-20267350', 'مفتاح ابو 3 خط كنول دريكسون ذهبي', 'قطعة', 'كهرباء', '0.00', '1200.00', '10.0', '8.0', NULL, '2026-02-22 10:35:01', '2026-02-22 10:35:01');
INSERT INTO `products` VALUES ('45', 'DIR-20265984', 'مفتاح ابو 2 خط عريض ذهبي', 'قطعة', 'كهرباء', '0.00', '1100.00', '10.0', '30.0', NULL, '2026-02-22 10:35:01', '2026-02-22 10:35:01');
INSERT INTO `products` VALUES ('46', 'DIR-20266405', 'مفتاح سخان كنول دريكسون ذهبي', 'قطعة', 'كهرباء', '0.00', '1200.00', '10.0', '40.0', NULL, '2026-02-22 10:35:01', '2026-02-22 10:35:01');
INSERT INTO `products` VALUES ('47', 'DIR-20260483', 'فيش اشارة + USB كنول ذهبي', 'قطعة', 'كهرباء', '0.00', '3000.00', '10.0', '10.0', NULL, '2026-02-22 10:35:01', '2026-02-22 10:35:01');
INSERT INTO `products` VALUES ('48', 'DIR-20260878', 'فيش اشارة 13+10 امبير مزدوج', 'قطعة', 'كهرباء', '0.00', '1300.00', '10.0', '17.0', NULL, '2026-02-22 10:35:01', '2026-02-22 10:35:01');
INSERT INTO `products` VALUES ('49', 'DIR-20260451', 'بلاك دش', 'قطعة', 'كهرباء', '0.00', '1000.00', '10.0', '11.0', NULL, '2026-02-22 10:35:01', '2026-02-22 10:35:01');
INSERT INTO `products` VALUES ('50', 'DIR-20260494', 'بلاك اشارة ذهي + USB مزدوج ديلوكس طاقة شمسية', 'قطعة', 'كهرباء', '0.00', '1500.00', '10.0', '10.0', NULL, '2026-02-22 10:35:01', '2026-02-22 10:35:01');
INSERT INTO `products` VALUES ('51', 'DIR-20264348', 'بلاك مزدوج USB ديلوكس ذهبي', 'قطعة', 'كهرباء', '0.00', '1500.00', '10.0', '2.0', NULL, '2026-02-22 10:35:01', '2026-02-22 10:35:01');
INSERT INTO `products` VALUES ('52', 'DIR-20261301', 'حامل تلفون ابيض USB هاتشل', 'قطعة', 'كهرباء', '0.00', '1800.00', '10.0', '9.0', NULL, '2026-02-22 10:35:01', '2026-02-22 10:35:01');
INSERT INTO `products` VALUES ('53', 'DIR-20264226', 'حامل تلفون ابيض USB هاتشل طاقة شمسية', 'قطعة', 'كهرباء', '0.00', '1800.00', '10.0', '1.0', NULL, '2026-02-22 10:35:01', '2026-02-22 10:35:01');
INSERT INTO `products` VALUES ('54', 'DIR-20260901', 'بلاك مزدوج USB هاتشل مزدوج', 'قطعة', 'كهرباء', '0.00', '1800.00', '10.0', '7.0', NULL, '2026-02-22 10:35:01', '2026-02-22 10:35:01');
INSERT INTO `products` VALUES ('55', 'DIR-20268322', 'مفتاح ابو 1 خط كنول دريكسون عريض ابيض', 'قطعة', 'كهرباء', '0.00', '700.00', '10.0', '40.0', NULL, '2026-02-22 10:54:42', '2026-02-22 10:54:42');
INSERT INTO `products` VALUES ('56', 'DIR-20265263', 'مفتاح ابو 2 خط كنول دريكسون عريض ابيض', 'قطعة', 'كهرباء', '0.00', '900.00', '10.0', '40.0', NULL, '2026-02-22 10:54:42', '2026-02-22 10:54:42');
INSERT INTO `products` VALUES ('57', 'DIR-20267393', 'مفتاح ابو 3 خط كنول دريكسون عريض ابيض', 'قطعة', 'كهرباء', '0.00', '1200.00', '10.0', '40.0', NULL, '2026-02-22 10:54:42', '2026-02-22 10:54:42');
INSERT INTO `products` VALUES ('58', 'DIR-20260544', 'مفتاح ابو 4 خط كنول دريكسون عريض ابيض', 'قطعة', 'كهرباء', '0.00', '1300.00', '10.0', '40.0', NULL, '2026-02-22 10:54:42', '2026-02-22 10:54:42');
INSERT INTO `products` VALUES ('59', 'DIR-20260080', 'فيش اشارة 13 امبير ابيض  ', 'قطعة', 'كهرباء', '0.00', '1200.00', '10.0', '40.0', NULL, '2026-02-22 10:54:42', '2026-02-22 10:54:42');
INSERT INTO `products` VALUES ('60', 'DIR-20260598', 'بلاك ستلايت ايض', 'قطعة', 'كهرباء', '0.00', '1000.00', '10.0', '20.0', NULL, '2026-02-22 10:54:42', '2026-02-22 10:54:42');
INSERT INTO `products` VALUES ('61', 'DIR-20267816', 'بلاك جرس ابيض', 'قطعة', 'كهرباء', '0.00', '1000.00', '10.0', '20.0', NULL, '2026-02-22 10:54:42', '2026-02-22 10:54:42');
INSERT INTO `products` VALUES ('62', 'DIR-20265190', 'بلاك تلفون ابيض', 'قطعة', 'كهرباء', '0.00', '1000.00', '10.0', '20.0', NULL, '2026-02-22 10:54:42', '2026-02-22 10:54:42');
INSERT INTO `products` VALUES ('63', 'DIR-20268579', 'لمبة 6 وات نايس طاقة', 'قطعة', 'كهرباء', '0.00', '600.00', '10.0', '3.0', NULL, '2026-02-22 10:54:42', '2026-02-22 10:54:42');
INSERT INTO `products` VALUES ('64', 'DIR-20269120', 'لمبة 8 وات نايس طاقة', 'قطعة', 'كهرباء', '0.00', '750.00', '10.0', '15.0', NULL, '2026-02-22 10:54:42', '2026-02-22 10:54:42');
INSERT INTO `products` VALUES ('65', 'DIR-20268483', 'لمبة 13 وات نايس طاقة', 'قطعة', 'كهرباء', '0.00', '100.00', '10.0', '24.0', NULL, '2026-02-22 10:54:42', '2026-02-22 10:54:42');
INSERT INTO `products` VALUES ('66', 'DIR-20266304', 'لمبة سهاري كرستال طاقة', 'قطعة', 'كهرباء', '0.00', '300.00', '10.0', '43.0', NULL, '2026-02-22 10:54:42', '2026-02-23 10:28:18');
INSERT INTO `products` VALUES ('67', 'DIR-20260948', 'لمبة 7 وات كرستال طاقة', 'قطعة', 'كهرباء', '0.00', '600.00', '10.0', '30.0', NULL, '2026-02-22 10:54:42', '2026-02-22 10:54:42');
INSERT INTO `products` VALUES ('68', 'DIR-20266374', 'لمبة 3 وات تويش طاقة', 'قطعة', 'كهرباء', '0.00', '400.00', '10.0', '10.0', NULL, '2026-02-22 10:54:42', '2026-02-22 10:54:42');
INSERT INTO `products` VALUES ('69', 'DIR-20263385', 'لمبة 9 وات ابو سلك جودز طاقة', 'قطعة', 'كهرباء', '0.00', '600.00', '10.0', '21.0', NULL, '2026-02-22 10:54:42', '2026-02-22 10:54:42');
INSERT INTO `products` VALUES ('70', 'DIR-20262249', 'لمبة 7 وات ابو سلك جودز طاقة', 'قطعة', 'كهرباء', '0.00', '500.00', '10.0', '0.0', NULL, '2026-02-22 10:54:42', '2026-03-09 08:57:26');
INSERT INTO `products` VALUES ('71', 'DIR-20267315', 'لمبة 5 وات ابو سلك جودز طاقة', 'قطعة', 'كهرباء', '0.00', '500.00', '10.0', '1.0', NULL, '2026-02-22 10:54:42', '2026-02-22 10:54:42');
INSERT INTO `products` VALUES ('72', 'DIR-20260424', 'مفتاح ابو 1 خط  SMI ابيض', 'قطعة', 'كهرباء', '0.00', '500.00', '10.0', '10.0', NULL, '2026-02-22 10:54:42', '2026-02-22 10:54:42');
INSERT INTO `products` VALUES ('73', 'DIR-20266120', 'مفتاح ابو 2 خط  SMI ابيض', 'قطعة', 'كهرباء', '0.00', '600.00', '10.0', '6.0', NULL, '2026-02-22 10:54:42', '2026-02-22 10:54:42');
INSERT INTO `products` VALUES ('74', 'DIR-20269685', 'مفتاح ابو 3 خط  SMI ابيض', 'قطعة', 'كهرباء', '0.00', '700.00', '10.0', '10.0', NULL, '2026-02-22 10:54:42', '2026-02-22 10:54:42');
INSERT INTO `products` VALUES ('75', 'DIR-20263346', 'متاح ابو 1 ياليت ذهبي', 'قطعة', 'كهرباء', '0.00', '700.00', '10.0', '10.0', NULL, '2026-02-22 10:54:42', '2026-02-22 10:54:42');
INSERT INTO `products` VALUES ('76', 'DIR-20268907', 'متاح ابو 2 ياليت ذهبي', 'قطعة', 'كهرباء', '0.00', '900.00', '10.0', '8.0', NULL, '2026-02-22 10:54:42', '2026-02-22 10:54:42');
INSERT INTO `products` VALUES ('77', 'DIR-20269116', 'مسامير ابو 1 هنش عادي', 'كيلو', 'قطعة', '0.00', '500.00', '10.0', '25.0', NULL, '2026-02-22 11:24:01', '2026-02-23 11:52:53');
INSERT INTO `products` VALUES ('78', 'DIR-20266426', 'مسامير ابو 2 هنش عادي', 'كيلو', 'مواد متنوعة', '0.00', '500.00', '10.0', '156.0', NULL, '2026-02-22 11:24:01', '2026-03-08 11:58:05');
INSERT INTO `products` VALUES ('79', 'DIR-20260755', 'مسامير ابو 3 هنش عادي', 'قطعة', 'مواد متنوعة', '0.00', '800.00', '10.0', '34.0', NULL, '2026-02-22 11:24:01', '2026-02-22 11:24:01');
INSERT INTO `products` VALUES ('80', 'DIR-20267677', 'مسامير ابو 4 هنش عادي', 'قطعة', 'مواد متنوعة', '0.00', '500.00', '10.0', '61.0', NULL, '2026-02-22 11:24:01', '2026-02-22 11:24:01');
INSERT INTO `products` VALUES ('81', 'DIR-20261632', 'مسامير صلب 4 هنش باكت اصفر', 'قطعة', 'مواد متنوعة', '0.00', '900.00', '10.0', '5.0', NULL, '2026-02-22 11:24:01', '2026-02-22 11:24:01');
INSERT INTO `products` VALUES ('82', 'DIR-20266691', 'مسامير صلب 4 هنش باكت ازرق', 'قطعة', 'مواد متنوعة', '0.00', '900.00', '10.0', '4.0', NULL, '2026-02-22 11:24:01', '2026-02-23 11:47:30');
INSERT INTO `products` VALUES ('83', 'DIR-20266671', 'مسامير صلب 3 هنش باكت ازرق', 'قطعة', 'مواد متنوعة', '0.00', '900.00', '10.0', '15.0', NULL, '2026-02-22 11:24:01', '2026-03-09 08:10:41');
INSERT INTO `products` VALUES ('84', 'DIR-20261249', 'مسامير صلب 3 هنش باكت احمر', 'قطعة', 'مواد متنوعة', '0.00', '1000.00', '10.0', '1.0', NULL, '2026-02-22 11:24:01', '2026-03-09 08:12:27');
INSERT INTO `products` VALUES ('85', 'DIR-20265833', 'مسامير صلب 2 هنش باكت ازرق', 'قطعة', 'مواد متنوعة', '0.00', '900.00', '10.0', '12.0', NULL, '2026-02-22 11:24:01', '2026-03-09 08:13:43');
INSERT INTO `products` VALUES ('86', 'DIR-20265523', 'مسامير صلب 1 هنش باكت اصفر', 'قطعة', 'مواد متنوعة', '0.00', '900.00', '10.0', '3.0', NULL, '2026-02-22 11:24:01', '2026-02-22 11:24:01');
INSERT INTO `products` VALUES ('87', 'DIR-20263938', 'مسامير صلب 1 هنش باكت احمر', 'قطعة', 'مواد متنوعة', '0.00', '1000.00', '10.0', '11.0', NULL, '2026-02-22 11:24:01', '2026-02-22 11:24:01');
INSERT INTO `products` VALUES ('88', 'DIR-20269310', 'مسامير صلب 1.5 هنش باكت ازرق', 'قطعة', 'مواد متنوعة', '0.00', '600.00', '10.0', '16.0', NULL, '2026-02-22 11:24:01', '2026-03-09 08:11:35');
INSERT INTO `products` VALUES ('89', 'DIR-20262611', 'مسامير تريت 5*50 المنيوم', 'قطعة', 'مواد متنوعة', '0.00', '600.00', '10.0', '7.0', NULL, '2026-02-22 11:24:01', '2026-02-22 11:24:01');
INSERT INTO `products` VALUES ('90', 'DIR-20267297', 'مسامير تريت 5*60 المنيوم', 'قطعة', 'مواد متنوعة', '0.00', '700.00', '10.0', '9.0', NULL, '2026-02-22 11:24:01', '2026-02-22 11:24:01');
INSERT INTO `products` VALUES ('91', 'DIR-20269261', 'مسامير تريت 5*70 المنيوم', 'قطعة', 'مواد متنوعة', '0.00', '800.00', '10.0', '4.0', NULL, '2026-02-22 11:24:01', '2026-02-22 11:24:01');
INSERT INTO `products` VALUES ('92', 'DIR-20265155', 'مسامير تريت 5*80 المنيوم', 'قطعة', 'مواد متنوعة', '0.00', '900.00', '10.0', '2.0', NULL, '2026-02-22 11:24:01', '2026-02-22 11:24:01');
INSERT INTO `products` VALUES ('93', 'DIR-20260350', 'مسامير تريت 5*100 المنيوم', 'قطعة', 'مواد متنوعة', '0.00', '1200.00', '10.0', '4.0', NULL, '2026-02-22 11:24:01', '2026-02-22 11:24:01');
INSERT INTO `products` VALUES ('94', 'DIR-20264378', 'مسامير 5*100', 'قطعة', 'مواد متنوعة', '0.00', '900.00', '10.0', '40.0', NULL, '2026-02-22 11:24:01', '2026-02-22 11:24:01');
INSERT INTO `products` VALUES ('95', 'DIR-20265864', 'شده خوابير مع المسامير 8 ملي ازرق ', 'قطعة', 'مواد متنوعة', '0.00', '700.00', '10.0', '10.6', NULL, '2026-02-22 11:24:01', '2026-03-16 03:20:38');
INSERT INTO `products` VALUES ('96', 'DIR-20261407', 'شده خوابير مع المسامير 6 ملي ازرق ', 'قطعة', 'مواد متنوعة', '0.00', '500.00', '10.0', '14.0', NULL, '2026-02-22 11:24:01', '2026-02-22 11:24:01');
INSERT INTO `products` VALUES ('97', 'DIR-20263128', 'شده خوابير مع المسامير 6 ملي اصفر', 'قطعة', 'مواد متنوعة', '0.00', '500.00', '10.0', '8.0', NULL, '2026-02-22 11:24:01', '2026-02-22 11:24:01');
INSERT INTO `products` VALUES ('98', 'DIR-20265990', 'خوابير رقم 10 باكت احمر', 'قطعة', 'مواد متنوعة', '0.00', '800.00', '10.0', '10.0', NULL, '2026-02-22 11:24:01', '2026-02-22 11:24:01');
INSERT INTO `products` VALUES ('99', 'DIR-20263946', 'خوابير رقم 6 باكت احمر', 'قطعة', 'مواد متنوعة', '0.00', '300.00', '10.0', '3.0', NULL, '2026-02-22 11:24:01', '2026-02-22 11:24:01');
INSERT INTO `products` VALUES ('100', 'DIR-20265466', 'خوابير رقم 6 باكت اصفر', 'قطعة', 'مواد متنوعة', '0.00', '300.00', '10.0', '9.0', NULL, '2026-02-22 11:24:01', '2026-02-22 11:24:01');
INSERT INTO `products` VALUES ('101', 'DIR-20265572', 'صنفرة حجر', 'قطعة', 'مواد متنوعة', '0.00', '1000.00', '10.0', '6.0', NULL, '2026-02-22 11:24:01', '2026-02-22 11:24:01');
INSERT INTO `products` VALUES ('102', 'DIR-20260583', 'مسامير 3*6 قلويز حق مفاتيح طويل', 'قطعة', 'مواد متنوعة', '0.00', '1800.00', '10.0', '3.0', NULL, '2026-02-22 11:24:01', '2026-02-22 11:24:01');
INSERT INTO `products` VALUES ('103', 'DIR-20260044', 'مسامير تريت 5*25 MASTER ', 'قطعة', 'مواد متنوعة', '0.00', '900.00', '10.0', '5.0', NULL, '2026-02-22 11:24:01', '2026-02-22 11:24:01');
INSERT INTO `products` VALUES ('104', 'DIR-20264929', 'مسامير تريت 5*30 يمن تاكس', 'قطعة', 'مواد متنوعة', '0.00', '1200.00', '10.0', '3.0', NULL, '2026-02-22 11:24:01', '2026-02-22 11:24:01');
INSERT INTO `products` VALUES ('105', 'DIR-20266581', 'مثلوث 1 هنش ض 80', 'قطعة', 'قطعة', '0.00', '400.00', '10.0', '15.0', NULL, '2026-03-01 10:31:32', '2026-03-01 10:31:32');
INSERT INTO `products` VALUES ('106', 'DIR-20260988', 'ركبة  كبس ض 80', 'قطعة', 'مواد متنوعة', '0.00', '300.00', '10.0', '20.0', NULL, '2026-03-01 10:31:32', '2026-03-01 10:31:32');
INSERT INTO `products` VALUES ('107', 'DIR-20269374', 'جلبة كبس 1 هنش شنال', 'قطعة', 'مواد متنوعة', '0.00', '400.00', '10.0', '7.0', NULL, '2026-03-01 10:31:32', '2026-03-01 10:31:32');
INSERT INTO `products` VALUES ('108', 'DIR-20267133', 'محبس كبس فراشة 1 هنش', 'قطعة', 'مواد متنوعة', '0.00', '600.00', '10.0', '8.0', NULL, '2026-03-01 10:31:32', '2026-03-01 10:31:32');
INSERT INTO `products` VALUES ('109', 'DIR-20264771', 'ركبة كبس 1 هنش شنال', 'قطعة', 'مواد متنوعة', '0.00', '500.00', '10.0', '12.0', NULL, '2026-03-01 10:31:32', '2026-03-13 11:10:46');
INSERT INTO `products` VALUES ('110', 'DIR-20261041', 'مثلوث 1 هنش شنال', 'قطعة', 'مواد متنوعة', '0.00', '600.00', '10.0', '19.0', NULL, '2026-03-01 10:31:32', '2026-03-01 10:31:32');
INSERT INTO `products` VALUES ('111', 'DIR-20263933', 'سدة بلستيك تريت 1 هنش', 'قطعة', 'مواد متنوعة', '0.00', '100.00', '10.0', '98.0', NULL, '2026-03-01 10:31:32', '2026-03-01 10:31:32');
INSERT INTO `products` VALUES ('112', 'DIR-20267185', 'شده حديد 1 هنش', 'قطعة', 'مواد متنوعة', '0.00', '200.00', '10.0', '4.0', NULL, '2026-03-01 10:31:32', '2026-03-01 10:31:32');
INSERT INTO `products` VALUES ('113', 'DIR-20261259', 'مثلوث حديد 1 هنش', 'قطعة', 'مواد متنوعة', '0.00', '700.00', '10.0', '9.0', NULL, '2026-03-01 10:31:32', '2026-03-01 10:31:32');
INSERT INTO `products` VALUES ('114', 'DIR-20260797', 'نيبل شريط حديد 1 هنش', 'قطعة', 'مواد متنوعة', '0.00', '400.00', '10.0', '7.0', NULL, '2026-03-01 10:31:32', '2026-03-01 10:31:32');
INSERT INTO `products` VALUES ('115', 'DIR-20268459', 'ركبة حديد 1 هنش', 'قطعة', 'مواد متنوعة', '0.00', '500.00', '10.0', '10.0', NULL, '2026-03-01 10:31:32', '2026-03-01 10:31:32');
INSERT INTO `products` VALUES ('116', 'DIR-20263557', 'شد وصل حديد 1 هنش', 'قطعة', 'مواد متنوعة', '0.00', '1400.00', '10.0', '8.0', NULL, '2026-03-01 10:31:32', '2026-03-01 10:31:32');
INSERT INTO `products` VALUES ('117', 'DIR-20266069', 'نيبل حديد 1 هنش', 'قطعة', 'مواد متنوعة', '0.00', '500.00', '10.0', '8.0', NULL, '2026-03-01 10:31:32', '2026-03-01 10:31:32');
INSERT INTO `products` VALUES ('118', 'DIR-20264409', 'جلبة حديد 1 هنش', 'قطعة', 'مواد متنوعة', '0.00', '400.00', '10.0', '1.0', NULL, '2026-03-01 10:31:32', '2026-03-01 10:31:32');
INSERT INTO `products` VALUES ('119', 'DIR-20263555', 'محول حديد 1 هنش * 3/4 هنش', 'قطعة', 'مواد متنوعة', '0.00', '300.00', '10.0', '47.0', NULL, '2026-03-01 10:31:32', '2026-03-01 10:31:32');
INSERT INTO `products` VALUES ('120', 'DIR-20269372', 'محول حديد 3/4 هنش * 1/2 هنش', 'قطعة', 'مواد متنوعة', '0.00', '300.00', '10.0', '36.0', NULL, '2026-03-01 10:31:32', '2026-03-01 10:31:32');
INSERT INTO `products` VALUES ('121', 'DIR-20263824', 'كوع جمل حار 3/4 هنش ظ 80 ', 'قطعة', 'قطعة', '0.00', '350.00', '10.0', '66.0', NULL, '2026-03-01 10:33:15', '2026-03-01 10:33:15');
INSERT INTO `products` VALUES ('122', 'DIR-20266432', 'جلبة كبس حار 3/4 هنش ض 80', 'قطعة', 'مواد متنوعة', '0.00', '150.00', '10.0', '74.0', NULL, '2026-03-01 10:33:15', '2026-03-01 10:34:38');
INSERT INTO `products` VALUES ('123', 'DIR-20264631', 'ركبة كبس حار 3/4 هنش ظ 80', 'قطعة', 'قطعة', '0.00', '150.00', '10.0', '77.0', NULL, '2026-03-01 10:41:03', '2026-03-01 10:41:03');
INSERT INTO `products` VALUES ('124', 'DIR-20261575', 'مثلوث كبس حار 3/4 هنش ظ 80 ', 'قطعة', 'مواد متنوعة', '0.00', '200.00', '10.0', '112.0', NULL, '2026-03-01 10:41:03', '2026-03-01 10:41:03');
INSERT INTO `products` VALUES ('125', 'DIR-20261650', 'ركبة سن داخلي حار 3/4 هنش ظ 80', 'قطعة', 'مواد متنوعة', '0.00', '300.00', '10.0', '86.0', NULL, '2026-03-01 10:41:03', '2026-03-01 10:41:03');
INSERT INTO `products` VALUES ('126', 'DIR-20262265', 'جلبة سن داخلي 3/4 هنش ظ 80', 'قطعة', 'مواد متنوعة', '0.00', '300.00', '10.0', '24.0', NULL, '2026-03-01 10:41:03', '2026-03-01 10:41:03');
INSERT INTO `products` VALUES ('127', 'DIR-20260760', 'جلبة سن خارجي 3/4 هنش ظ 80', 'قطعة', 'مواد متنوعة', '0.00', '300.00', '10.0', '36.0', NULL, '2026-03-01 10:41:03', '2026-03-01 10:41:03');
INSERT INTO `products` VALUES ('128', 'DIR-20267884', 'قاعدة خلاط 3/4 هنش ظ 80', 'قطعة', 'مواد متنوعة', '0.00', '600.00', '10.0', '62.0', NULL, '2026-03-01 10:41:03', '2026-03-01 10:41:03');
INSERT INTO `products` VALUES ('129', 'DIR-20267717', 'سدة كبس 3/4 هنش ظ 80', 'قطعة', 'مواد متنوعة', '0.00', '100.00', '10.0', '47.0', NULL, '2026-03-01 10:41:03', '2026-03-01 10:41:03');
INSERT INTO `products` VALUES ('130', 'DIR-20262783', 'سدة تريت 3/4 هنش', 'قطعة', 'مواد متنوعة', '0.00', '50.00', '10.0', '144.0', NULL, '2026-03-01 10:41:03', '2026-03-01 10:41:03');
INSERT INTO `products` VALUES ('131', 'DIR-20269441', 'سدة حديد 3/4 هنش', 'قطعة', 'مواد متنوعة', '0.00', '100.00', '10.0', '5.0', NULL, '2026-03-01 10:41:03', '2026-03-11 01:29:44');
INSERT INTO `products` VALUES ('132', 'DIR-20261705', 'جلبة حديد ذكر 3/4 هنش', 'قطعة', 'مواد متنوعة', '0.00', '300.00', '10.0', '13.0', NULL, '2026-03-01 10:41:03', '2026-03-01 10:41:03');
INSERT INTO `products` VALUES ('133', 'DIR-20267904', 'نيبل حديد 3/4 هنش', 'قطعة', 'مواد متنوعة', '0.00', '300.00', '10.0', '5.0', NULL, '2026-03-01 10:41:03', '2026-03-01 10:41:03');
INSERT INTO `products` VALUES ('134', 'DIR-20261340', 'شد وصل حديد 3/4 هنش', 'قطعة', 'مواد متنوعة', '0.00', '600.00', '10.0', '13.0', NULL, '2026-03-01 10:41:03', '2026-03-01 10:41:03');
INSERT INTO `products` VALUES ('135', 'DIR-20263502', 'جلبة حديد 3/4 هنش', 'قطعة', 'مواد متنوعة', '0.00', '200.00', '10.0', '52.0', NULL, '2026-03-01 10:41:03', '2026-03-11 01:29:44');
INSERT INTO `products` VALUES ('136', 'DIR-20265759', 'ركبة حديد 3/4 هنش', 'قطعة', 'مواد متنوعة', '0.00', '400.00', '10.0', '11.0', NULL, '2026-03-01 10:41:03', '2026-03-01 10:41:03');
INSERT INTO `products` VALUES ('137', 'DIR-20267976', 'مثلوث حديد 3/4 هنش', 'قطعة', 'مواد متنوعة', '0.00', '500.00', '10.0', '13.0', NULL, '2026-03-01 10:41:03', '2026-03-01 10:41:03');
INSERT INTO `products` VALUES ('138', 'DIR-20269021', 'نيبل شريط حديد 3/4 هنش', 'قطعة', 'مواد متنوعة', '0.00', '200.00', '10.0', '16.0', NULL, '2026-03-01 10:41:03', '2026-03-01 10:41:03');
INSERT INTO `products` VALUES ('139', 'DIR-20269303', 'ركبة كبس 1/2 هنش ض 80', 'قطعة', 'قطعة', '0.00', '100.00', '10.0', '19.0', NULL, '2026-03-01 10:52:11', '2026-03-16 02:50:16');
INSERT INTO `products` VALUES ('140', 'DIR-20269894', 'مثلوث كبس 1/2 هنش ض 80', 'قطعة', 'مواد متنوعة', '0.00', '200.00', '10.0', '20.0', NULL, '2026-03-01 10:52:11', '2026-03-01 10:52:11');
INSERT INTO `products` VALUES ('141', 'DIR-20260639', 'جلبة سن خارجي 1/2 هنش ض 80', 'قطعة', 'مواد متنوعة', '0.00', '300.00', '10.0', '20.0', NULL, '2026-03-01 10:52:11', '2026-03-15 11:20:43');
INSERT INTO `products` VALUES ('142', 'DIR-20263334', 'جلبة سن داخلي 1/2 هنش ض 80', 'قطعة', 'مواد متنوعة', '0.00', '300.00', '10.0', '32.0', NULL, '2026-03-01 10:52:11', '2026-03-01 10:52:11');
INSERT INTO `products` VALUES ('143', 'DIR-20269290', 'ركبة سن داخلي 1/2 هنش ض 80', 'قطعة', 'مواد متنوعة', '0.00', '300.00', '10.0', '33.0', NULL, '2026-03-01 10:52:11', '2026-03-01 10:52:11');
INSERT INTO `products` VALUES ('144', 'DIR-20264654', 'جلبة كبس حار 1/2 هنش ض 80', 'قطعة', 'مواد متنوعة', '0.00', '100.00', '10.0', '93.0', NULL, '2026-03-01 10:52:11', '2026-03-15 11:20:43');
INSERT INTO `products` VALUES ('145', 'DIR-20267424', 'كوع جمل حار بحريني 1/2 هنش ض 80', 'قطعة', 'مواد متنوعة', '0.00', '400.00', '10.0', '30.0', NULL, '2026-03-01 10:52:11', '2026-03-01 10:52:11');
INSERT INTO `products` VALUES ('146', 'DIR-20264637', 'سده تريت 1/2 هنش', 'قطعة', 'مواد متنوعة', '0.00', '50.00', '10.0', '82.0', NULL, '2026-03-01 10:52:11', '2026-03-01 10:52:11');
INSERT INTO `products` VALUES ('147', 'DIR-20261092', 'سده تريت طويلة اخضر 1/2 هنش', 'قطعة', 'مواد متنوعة', '0.00', '100.00', '10.0', '48.0', NULL, '2026-03-01 10:52:11', '2026-03-01 10:52:11');
INSERT INTO `products` VALUES ('148', 'DIR-20268109', 'سده كبس 1/2 هنش', 'قطعة', 'مواد متنوعة', '0.00', '100.00', '10.0', '43.0', NULL, '2026-03-01 10:52:11', '2026-03-01 10:52:11');
INSERT INTO `products` VALUES ('149', 'DIR-20261490', 'سده حديد 1/2 هنش', 'قطعة', 'مواد متنوعة', '0.00', '200.00', '10.0', '60.0', NULL, '2026-03-01 10:52:11', '2026-03-01 10:52:11');
INSERT INTO `products` VALUES ('150', 'DIR-20267690', 'محول خلاط 1/2 هنش', 'قطعة', 'مواد متنوعة', '0.00', '100.00', '10.0', '51.0', NULL, '2026-03-01 10:52:11', '2026-03-01 10:52:11');
INSERT INTO `products` VALUES ('151', 'DIR-20263971', 'جلبة حديد ذكر 1/2 هنش', 'قطعة', 'مواد متنوعة', '0.00', '300.00', '10.0', '99.0', NULL, '2026-03-01 10:52:11', '2026-03-15 11:20:43');
INSERT INTO `products` VALUES ('152', 'DIR-20260606', 'جلبة كروم 1/2 هنش 20 ملي', 'قطعة', 'مواد متنوعة', '0.00', '250.00', '10.0', '4.0', NULL, '2026-03-01 10:52:11', '2026-03-01 10:52:11');
INSERT INTO `products` VALUES ('153', 'DIR-20269103', 'جلبة كروم 1/2 هنش 15 ملي', 'قطعة', 'مواد متنوعة', '0.00', '250.00', '10.0', '52.0', NULL, '2026-03-01 10:52:11', '2026-03-01 10:52:11');
INSERT INTO `products` VALUES ('154', 'DIR-20267675', 'جلبة كروم 1/2 هنش 10 ملي', 'قطعة', 'مواد متنوعة', '0.00', '250.00', '10.0', '50.0', NULL, '2026-03-01 10:52:11', '2026-03-01 10:52:11');
INSERT INTO `products` VALUES ('155', 'DIR-20265443', 'جلبة كروم 1/2 هنش 30 ملي', 'قطعة', 'مواد متنوعة', '0.00', '250.00', '10.0', '1.0', NULL, '2026-03-01 10:52:11', '2026-03-01 10:52:11');
INSERT INTO `products` VALUES ('156', 'DIR-20261668', 'شد وصل حديد 1/2 هنش', 'قطعة', 'مواد متنوعة', '0.00', '500.00', '10.0', '15.0', NULL, '2026-03-01 10:52:11', '2026-03-01 10:52:11');
INSERT INTO `products` VALUES ('157', 'DIR-20265000', 'جلبة حديد 1/2 هنش', 'قطعة', 'مواد متنوعة', '0.00', '200.00', '10.0', '30.0', NULL, '2026-03-01 10:52:11', '2026-03-01 10:52:11');
INSERT INTO `products` VALUES ('158', 'DIR-20265956', 'نيبل حديد 1/2 هنش', 'قطعة', 'مواد متنوعة', '0.00', '200.00', '10.0', '45.0', NULL, '2026-03-01 10:52:11', '2026-03-01 10:52:11');
INSERT INTO `products` VALUES ('159', 'DIR-20267067', 'مثلوث حديد 1/2 هنش', 'قطعة', 'مواد متنوعة', '0.00', '400.00', '10.0', '6.0', NULL, '2026-03-01 10:52:11', '2026-03-01 10:52:11');
INSERT INTO `products` VALUES ('160', 'DIR-20264079', 'ركبة حديد 1/2 هنش', 'قطعة', 'مواد متنوعة', '0.00', '300.00', '10.0', '9.0', NULL, '2026-03-01 10:52:11', '2026-03-15 11:20:43');
INSERT INTO `products` VALUES ('161', 'DIR-20266140', 'نيبل شريط حديد 1/2 هنش', 'قطعة', 'مواد متنوعة', '0.00', '100.00', '10.0', '10.0', NULL, '2026-03-01 10:52:11', '2026-03-01 10:52:11');
INSERT INTO `products` VALUES ('162', 'DIR-20261549', 'سدة حديد 1,5 هنش', 'قطعة', 'قطعة', '0.00', '600.00', '10.0', '5.0', NULL, '2026-03-01 11:02:58', '2026-03-01 11:02:58');
INSERT INTO `products` VALUES ('163', 'DIR-20261238', 'نيبل حديد 1,5 هنش', 'قطعة', 'مواد متنوعة', '0.00', '600.00', '10.0', '4.0', NULL, '2026-03-01 11:02:58', '2026-03-01 11:02:58');
INSERT INTO `products` VALUES ('164', 'DIR-20262651', 'محول حديد 1,5 هنش * 3/4 هنش', 'قطعة', 'مواد متنوعة', '0.00', '700.00', '10.0', '5.0', NULL, '2026-03-01 11:02:58', '2026-03-01 11:02:58');
INSERT INTO `products` VALUES ('165', 'DIR-20268275', 'محول حديد 2 هنش * 3/4 هنش', 'قطعة', 'مواد متنوعة', '0.00', '800.00', '10.0', '5.0', NULL, '2026-03-01 11:02:58', '2026-03-01 11:02:58');
INSERT INTO `products` VALUES ('166', 'DIR-20262019', 'محول حديد 2 هنش * 1,5 هنش', 'قطعة', 'مواد متنوعة', '0.00', '800.00', '10.0', '4.0', NULL, '2026-03-01 11:02:58', '2026-03-01 11:02:58');
INSERT INTO `products` VALUES ('167', 'DIR-20268811', 'محول حديد 2 هنش * 1 هنش', 'قطعة', 'مواد متنوعة', '0.00', '800.00', '10.0', '5.0', NULL, '2026-03-01 11:02:58', '2026-03-01 11:02:58');
INSERT INTO `products` VALUES ('168', 'DIR-20268428', 'سدة حديد 2 هنش', 'قطعة', 'مواد متنوعة', '0.00', '600.00', '10.0', '5.0', NULL, '2026-03-01 11:02:58', '2026-03-01 11:02:58');
INSERT INTO `products` VALUES ('169', 'DIR-20266629', 'جلبة حديد 1,5 هنش', 'قطعة', 'مواد متنوعة', '0.00', '500.00', '10.0', '3.0', NULL, '2026-03-01 11:02:58', '2026-03-01 11:02:58');
INSERT INTO `products` VALUES ('170', 'DIR-20268709', 'جلبة حديد 2 هنش', 'قطعة', 'مواد متنوعة', '0.00', '600.00', '10.0', '5.0', NULL, '2026-03-01 11:02:58', '2026-03-01 11:02:58');
INSERT INTO `products` VALUES ('171', 'DIR-20261830', 'نيبل خزان حديد 2 هنش', 'قطعة', 'مواد متنوعة', '0.00', '600.00', '10.0', '5.0', NULL, '2026-03-01 11:02:58', '2026-03-01 11:02:58');
INSERT INTO `products` VALUES ('172', 'DIR-20262910', 'نيبل خزان حديد 1,5 هنش', 'قطعة', 'مواد متنوعة', '0.00', '500.00', '10.0', '5.0', NULL, '2026-03-01 11:02:58', '2026-03-01 11:02:58');
INSERT INTO `products` VALUES ('173', 'DIR-20265626', 'نيبل شريط حديد 1,5 هنش', 'قطعة', 'مواد متنوعة', '0.00', '1000.00', '10.0', '4.0', NULL, '2026-03-01 11:02:58', '2026-03-01 11:02:58');
INSERT INTO `products` VALUES ('174', 'DIR-20265758', 'مثلوث حديد 2 هنش', 'قطعة', 'مواد متنوعة', '0.00', '1500.00', '10.0', '5.0', NULL, '2026-03-01 11:02:58', '2026-03-01 11:02:58');
INSERT INTO `products` VALUES ('175', 'DIR-20266333', 'مثلوث حديد 1,5 هنش', 'قطعة', 'مواد متنوعة', '0.00', '900.00', '10.0', '2.0', NULL, '2026-03-01 11:02:58', '2026-03-01 11:02:58');
INSERT INTO `products` VALUES ('176', 'DIR-20261023', 'نيبل حديد 2 هنش', 'قطعة', 'مواد متنوعة', '0.00', '800.00', '10.0', '4.0', NULL, '2026-03-01 11:02:58', '2026-03-01 11:02:58');
INSERT INTO `products` VALUES ('177', 'DIR-20269612', 'شد وصل حديد 2 هنش', 'قطعة', 'مواد متنوعة', '0.00', '2000.00', '10.0', '4.0', NULL, '2026-03-01 11:02:58', '2026-03-01 11:02:58');
INSERT INTO `products` VALUES ('178', 'DIR-20268133', 'شد وصل حديد 1,5 هنش', 'قطعة', 'مواد متنوعة', '0.00', '1500.00', '10.0', '5.0', NULL, '2026-03-01 11:02:58', '2026-03-01 11:02:58');
INSERT INTO `products` VALUES ('179', 'DIR-20264636', 'ركبة حديد 2 هنش', 'قطعة', 'مواد متنوعة', '0.00', '1200.00', '10.0', '5.0', NULL, '2026-03-01 11:02:58', '2026-03-01 11:02:58');
INSERT INTO `products` VALUES ('180', 'DIR-20263830', 'ركبة حديد 1,5 هنش', 'قطعة', 'مواد متنوعة', '0.00', '900.00', '10.0', '5.0', NULL, '2026-03-01 11:02:58', '2026-03-01 11:02:58');
INSERT INTO `products` VALUES ('181', 'DIR-20269862', 'عداد ماء', 'قطعة', 'مواد متنوعة', '0.00', '11500.00', '10.0', '1.0', NULL, '2026-03-01 11:02:58', '2026-03-01 11:02:58');
INSERT INTO `products` VALUES ('182', 'DIR-20263926', 'تحويلة لمبات', 'قطعة', 'قطعة', '0.00', '200.00', '10.0', '17.0', NULL, '2026-03-01 11:20:53', '2026-03-01 11:20:53');
INSERT INTO `products` VALUES ('183', 'DIR-20261299', 'كبس ذكر كهرباء', 'قطعة', 'مواد متنوعة', '0.00', '500.00', '10.0', '10.0', NULL, '2026-03-01 11:20:53', '2026-03-01 11:20:53');
INSERT INTO `products` VALUES ('184', 'DIR-20261909', 'لفة خيط تلفون داخلي', 'قطعة', 'مواد متنوعة', '0.00', '4500.00', '10.0', '6.0', NULL, '2026-03-01 11:20:53', '2026-03-01 11:20:53');
INSERT INTO `products` VALUES ('185', 'DIR-20260005', 'لفة سلك كهرباء حراري 2,5 بحرة', 'قطعة', 'مواد متنوعة', '0.00', '13500.00', '10.0', '3.0', NULL, '2026-03-01 11:20:53', '2026-03-01 11:20:53');
INSERT INTO `products` VALUES ('186', 'DIR-20263961', 'موزع كهرباء اصفر ثلاثي', 'قطعة', 'مواد متنوعة', '0.00', '600.00', '10.0', '6.0', NULL, '2026-03-01 11:20:53', '2026-03-01 11:20:53');
INSERT INTO `products` VALUES ('187', 'DIR-20269250', 'تويل علاقي معطوف', 'قطعة', 'مواد متنوعة', '0.00', '300.00', '10.0', '4.0', NULL, '2026-03-01 11:20:53', '2026-03-01 11:20:53');
INSERT INTO `products` VALUES ('188', 'DIR-20265233', 'تويل ابو مسمار', 'قطعة', 'مواد متنوعة', '0.00', '300.00', '10.0', '12.0', NULL, '2026-03-01 11:20:53', '2026-03-01 11:20:53');
INSERT INTO `products` VALUES ('189', 'DIR-20267054', 'موزع كهرباء اخضر', 'قطعة', 'مواد متنوعة', '0.00', '600.00', '10.0', '17.0', NULL, '2026-03-01 11:20:53', '2026-03-01 11:20:53');
INSERT INTO `products` VALUES ('190', 'DIR-20261073', 'تويل كهرباء نظامين', 'قطعة', 'مواد متنوعة', '0.00', '300.00', '10.0', '44.0', NULL, '2026-03-01 11:20:53', '2026-03-01 11:20:53');
INSERT INTO `products` VALUES ('191', 'DIR-20262501', 'تحويلة تويل من تريت الى مسمار', 'قطعة', 'مواد متنوعة', '0.00', '200.00', '10.0', '3.0', NULL, '2026-03-01 11:20:53', '2026-03-01 11:20:53');
INSERT INTO `products` VALUES ('192', 'DIR-20267641', 'لفة خيط فلكس 2*1,5 جافي 25 متر', 'متر', 'مواد متنوعة', '0.00', '2000.00', '10.0', '7.0', NULL, '2026-03-01 11:20:53', '2026-03-01 11:20:53');
INSERT INTO `products` VALUES ('193', 'DIR-20268006', 'خيط تلفون خارجي 150 متر', 'متر', 'مواد متنوعة', '0.00', '9000.00', '10.0', '2.0', NULL, '2026-03-01 11:20:53', '2026-03-01 11:20:53');
INSERT INTO `products` VALUES ('194', 'DIR-20260480', 'لفة خيط دش 23 متر', 'متر', 'مواد متنوعة', '0.00', '1500.00', '10.0', '3.0', NULL, '2026-03-01 11:20:53', '2026-03-01 11:20:53');
INSERT INTO `products` VALUES ('195', 'DIR-20269623', 'لفة خيط فلكس 2*1,5 جافي 20 متر', 'قطعة', 'مواد متنوعة', '0.00', '1800.00', '10.0', '6.0', NULL, '2026-03-01 11:20:53', '2026-03-01 11:20:53');
INSERT INTO `products` VALUES ('196', 'DIR-20268629', 'لفة خيط دش 100 متر', 'قطعة', 'مواد متنوعة', '0.00', '7000.00', '10.0', '1.0', NULL, '2026-03-01 11:20:53', '2026-03-01 11:20:53');
INSERT INTO `products` VALUES ('197', 'DIR-20268585', 'لفة خيط 2*1,5 مبطط ', 'قطعة', 'مواد متنوعة', '0.00', '6000.00', '10.0', '2.0', NULL, '2026-03-01 11:20:53', '2026-03-01 11:20:53');
INSERT INTO `products` VALUES ('198', 'DIR-20269540', 'توصيلة كهرباء كرستال ابو USB ', 'قطعة', 'مواد متنوعة', '0.00', '4500.00', '10.0', '6.0', NULL, '2026-03-01 11:20:53', '2026-03-01 11:20:53');
INSERT INTO `products` VALUES ('199', 'DIR-20268885', 'خيط طاقة شمسية 4*2', 'متر', 'مواد متنوعة', '0.00', '600.00', '10.0', '7.0', NULL, '2026-03-01 11:20:53', '2026-03-01 11:20:53');
INSERT INTO `products` VALUES ('200', 'DIR-20260086', 'خيط طاقة شمسية 2*2,5', 'متر', 'مواد متنوعة', '0.00', '400.00', '10.0', '5.0', NULL, '2026-03-01 11:20:53', '2026-03-01 11:20:53');
INSERT INTO `products` VALUES ('201', 'DIR-20266404', 'ميزان ماء احمر صغير 30 سم', 'قطعة', 'مواد متنوعة', '0.00', '2500.00', '10.0', '22.0', NULL, '2026-03-01 11:20:53', '2026-03-01 11:20:53');
INSERT INTO `products` VALUES ('202', 'DIR-20263422', 'ميزان ماء احمر 50 سم', 'قطعة', 'مواد متنوعة', '0.00', '3500.00', '10.0', '28.0', NULL, '2026-03-01 11:20:53', '2026-03-01 11:20:53');
INSERT INTO `products` VALUES ('203', 'DIR-20262813', 'مبريد خشب طويل', 'قطعة', 'مواد متنوعة', '0.00', '1000.00', '10.0', '12.0', NULL, '2026-03-01 11:20:53', '2026-03-01 11:20:53');
INSERT INTO `products` VALUES ('204', 'DIR-20267341', 'مبريد حديد طويل', 'قطعة', 'مواد متنوعة', '0.00', '1000.00', '10.0', '10.0', NULL, '2026-03-01 11:20:53', '2026-03-01 11:20:53');
INSERT INTO `products` VALUES ('205', 'DIR-20267821', 'شدة مرابيط اسود', 'قطعة', 'مواد متنوعة', '0.00', '1000.00', '10.0', '1.0', NULL, '2026-03-01 11:20:53', '2026-03-01 11:20:53');
INSERT INTO `products` VALUES ('206', 'DIR-20267144', 'شدة مرابيط ابيض', 'قطعة', 'مواد متنوعة', '0.00', '1000.00', '10.0', '1.0', NULL, '2026-03-01 11:20:53', '2026-03-01 11:20:53');
INSERT INTO `products` VALUES ('207', 'DIR-20260841', 'زاوية بناء كبير', 'قطعة', 'مواد متنوعة', '0.00', '200.00', '10.0', '9.0', NULL, '2026-03-01 11:20:53', '2026-03-01 11:20:53');
INSERT INTO `products` VALUES ('208', 'DIR-20260409', 'زاوية بناء صغير', 'قطعة', 'مواد متنوعة', '0.00', '150.00', '10.0', '7.0', NULL, '2026-03-01 11:20:53', '2026-03-01 11:20:53');
INSERT INTO `products` VALUES ('209', 'DIR-20263002', 'مثلوث زراعي 1 هنش', 'قطعة', 'قطعة', '0.00', '1000.00', '10.0', '8.0', NULL, '2026-03-01 11:29:22', '2026-03-01 11:29:22');
INSERT INTO `products` VALUES ('210', 'DIR-20264166', 'توصيلة زراعية 1 هنش', 'قطعة', 'مواد متنوعة', '0.00', '800.00', '10.0', '28.0', NULL, '2026-03-01 11:29:22', '2026-03-01 11:29:22');
INSERT INTO `products` VALUES ('211', 'DIR-20264425', 'بداية زراعي 1 هنش', 'قطعة', 'مواد متنوعة', '0.00', '600.00', '10.0', '9.0', NULL, '2026-03-01 11:29:22', '2026-03-01 11:29:22');
INSERT INTO `products` VALUES ('212', 'DIR-20263130', 'توصيلة زراعي 3/4 هنش', 'قطعة', 'مواد متنوعة', '0.00', '600.00', '10.0', '26.0', NULL, '2026-03-01 11:29:22', '2026-03-01 11:29:22');
INSERT INTO `products` VALUES ('213', 'DIR-20261600', 'سدة زراعي 3/5 هنش', 'قطعة', 'مواد متنوعة', '0.00', '500.00', '10.0', '20.0', NULL, '2026-03-01 11:29:22', '2026-03-01 11:29:22');
INSERT INTO `products` VALUES ('214', 'DIR-20264542', 'بداية زراعي 3/4 هنش', 'قطعة', 'مواد متنوعة', '0.00', '500.00', '10.0', '22.0', NULL, '2026-03-01 11:29:22', '2026-03-01 11:29:22');
INSERT INTO `products` VALUES ('215', 'DIR-20262012', 'توصيلة زراعي 1/2 هنش', 'قطعة', 'مواد متنوعة', '0.00', '500.00', '10.0', '10.0', NULL, '2026-03-01 11:29:22', '2026-03-01 11:29:22');
INSERT INTO `products` VALUES ('216', 'DIR-20260256', 'نيبل بلستيك خزام 3/4 هنش', 'قطعة', 'مواد متنوعة', '0.00', '500.00', '10.0', '14.0', NULL, '2026-03-01 11:29:22', '2026-03-01 11:29:22');
INSERT INTO `products` VALUES ('217', 'DIR-20265767', 'نيبل بلستيك خزام 1 هنش', 'قطعة', 'مواد متنوعة', '0.00', '500.00', '10.0', '6.0', NULL, '2026-03-01 11:29:22', '2026-03-01 11:29:22');
INSERT INTO `products` VALUES ('218', 'DIR-20269464', 'نيبل نحاس خزام 3/4 هنش', 'قطعة', 'مواد متنوعة', '0.00', '1000.00', '10.0', '15.0', NULL, '2026-03-01 11:29:22', '2026-03-01 11:29:22');
INSERT INTO `products` VALUES ('219', 'DIR-20264854', 'بداية زراعي 1/2 هنش', 'قطعة', 'مواد متنوعة', '0.00', '300.00', '10.0', '10.0', NULL, '2026-03-01 11:29:22', '2026-03-01 11:29:22');
INSERT INTO `products` VALUES ('220', 'DIR-20260570', 'توصيلة دش بلستيك', 'قطعة', 'مواد متنوعة', '0.00', '200.00', '10.0', '15.0', NULL, '2026-03-01 11:29:22', '2026-03-01 11:29:22');
INSERT INTO `products` VALUES ('221', 'DIR-20269518', 'راس دش ابيض بلستيك', 'قطعة', 'مواد متنوعة', '0.00', '500.00', '10.0', '16.0', NULL, '2026-03-01 11:29:22', '2026-03-13 11:10:46');
INSERT INTO `products` VALUES ('222', 'DIR-20260231', 'سلاسل مقطع ابو 3', 'قطعة', 'مواد متنوعة', '0.00', '800.00', '10.0', '7.0', NULL, '2026-03-01 11:29:22', '2026-03-01 11:29:22');
INSERT INTO `products` VALUES ('223', 'DIR-20267569', 'سلاسل مقطع ابو 4', 'قطعة', 'مواد متنوعة', '0.00', '1000.00', '10.0', '7.0', NULL, '2026-03-01 11:29:22', '2026-03-01 11:29:22');
INSERT INTO `products` VALUES ('224', 'DIR-20263983', 'سلاسل مقطع ابو 5', 'قطعة', 'مواد متنوعة', '0.00', '1300.00', '10.0', '2.0', NULL, '2026-03-01 11:29:22', '2026-03-01 11:29:22');
INSERT INTO `products` VALUES ('225', 'DIR-20260635', 'سدة زراعي 1.5 هنش', 'قطعة', 'مواد متنوعة', '0.00', '900.00', '10.0', '3.0', NULL, '2026-03-01 11:29:22', '2026-03-01 11:29:22');
INSERT INTO `products` VALUES ('226', 'DIR-20261286', 'توصيلة زراعي 1,5 هنش', 'قطعة', 'مواد متنوعة', '0.00', '1200.00', '10.0', '4.0', NULL, '2026-03-01 11:29:22', '2026-03-01 11:29:22');
INSERT INTO `products` VALUES ('227', 'DIR-20261328', 'بداية زراعي 1.5 هنش', 'قطعة', 'مواد متنوعة', '0.00', '900.00', '10.0', '5.0', NULL, '2026-03-01 11:29:22', '2026-03-01 11:29:22');
INSERT INTO `products` VALUES ('228', 'DIR-20262670', 'ركبة زراعي 1,5 هنش', 'قطعة', 'مواد متنوعة', '0.00', '2000.00', '10.0', '3.0', NULL, '2026-03-01 11:29:22', '2026-03-01 11:29:22');
INSERT INTO `products` VALUES ('229', 'DIR-20264046', 'مثلوث زراعي 1,5 هنش', 'قطعة', 'مواد متنوعة', '0.00', '2000.00', '10.0', '3.0', NULL, '2026-03-01 11:29:22', '2026-03-01 11:29:22');
INSERT INTO `products` VALUES ('230', 'DIR-20263612', 'توصيلة زراعي 2 هنش', 'قطعة', 'مواد متنوعة', '0.00', '1800.00', '10.0', '5.0', NULL, '2026-03-01 11:29:22', '2026-03-01 11:29:22');
INSERT INTO `products` VALUES ('231', 'DIR-20267096', 'مثلوث زراعي 2 هنش', 'قطعة', 'مواد متنوعة', '0.00', '2500.00', '10.0', '3.0', NULL, '2026-03-01 11:29:22', '2026-03-01 11:29:22');
INSERT INTO `products` VALUES ('232', 'DIR-20263568', 'حنفي مشترك كروم Rio', 'قطعة', 'قطعة', '0.00', '5200.00', '10.0', '3.0', NULL, '2026-03-01 11:42:38', '2026-03-01 11:42:38');
INSERT INTO `products` VALUES ('233', 'DIR-20267705', 'حنفي كروم قصير Rio', 'قطعة', 'مواد متنوعة', '0.00', '2500.00', '10.0', '3.0', NULL, '2026-03-01 11:42:38', '2026-03-01 11:42:38');
INSERT INTO `products` VALUES ('234', 'DIR-20265596', 'خلاط دش باكت ازرق', 'قطعة', 'مواد متنوعة', '0.00', '5000.00', '10.0', '1.0', NULL, '2026-03-01 11:42:38', '2026-03-13 11:10:46');
INSERT INTO `products` VALUES ('235', 'DIR-20269663', 'خلاط مغسلة مفرد عادي', 'قطعة', 'مواد متنوعة', '0.00', '3000.00', '10.0', '2.0', NULL, '2026-03-01 11:42:38', '2026-03-01 11:42:38');
INSERT INTO `products` VALUES ('236', 'DIR-20260522', 'خلاط مطبخ مفرد', 'قطعة', 'مواد متنوعة', '0.00', '3000.00', '10.0', '2.0', NULL, '2026-03-01 11:42:38', '2026-03-01 11:42:38');
INSERT INTO `products` VALUES ('237', 'DIR-20261652', 'خلاط مطبخ مزدوج باكت ازرق', 'قطعة', 'مواد متنوعة', '0.00', '5000.00', '10.0', '2.0', NULL, '2026-03-01 11:42:38', '2026-03-01 11:42:38');
INSERT INTO `products` VALUES ('238', 'DIR-20263160', 'خلاط مطبخ مفرد تماتيك', 'قطعة', 'مواد متنوعة', '0.00', '4500.00', '10.0', '3.0', NULL, '2026-03-01 11:42:38', '2026-03-01 11:42:38');
INSERT INTO `products` VALUES ('239', 'DIR-20260252', 'خلاط حمام مزدوج ...', 'قطعة', 'مواد متنوعة', '0.00', '13000.00', '10.0', '1.0', NULL, '2026-03-01 11:42:38', '2026-03-01 11:42:38');
INSERT INTO `products` VALUES ('240', 'DIR-20260869', 'ضغاط مغسلة فيرون', 'قطعة', 'مواد متنوعة', '0.00', '2200.00', '10.0', '3.0', NULL, '2026-03-01 11:42:38', '2026-03-01 11:42:38');
INSERT INTO `products` VALUES ('241', 'DIR-20263776', 'محبس بلستيك عادي دفن 1/2 هنش', 'قطعة', 'مواد متنوعة', '0.00', '2500.00', '10.0', '4.0', NULL, '2026-03-01 11:42:38', '2026-03-01 11:42:38');
INSERT INTO `products` VALUES ('242', 'DIR-20261957', 'محبس شنال دفن 1/2 هنش', 'قطعة', 'مواد متنوعة', '0.00', '4000.00', '10.0', '6.0', NULL, '2026-03-01 11:42:38', '2026-03-01 11:42:38');
INSERT INTO `products` VALUES ('243', 'DIR-20265750', 'حنفي كروم طويل', 'قطعة', 'مواد متنوعة', '0.00', '2000.00', '10.0', '2.0', NULL, '2026-03-01 11:42:38', '2026-03-13 11:13:08');
INSERT INTO `products` VALUES ('244', 'DIR-20267151', 'محبس نحاس دفن 3/4 هنش', 'قطعة', 'مواد متنوعة', '0.00', '4500.00', '10.0', '4.0', NULL, '2026-03-01 11:42:38', '2026-03-01 11:42:38');
INSERT INTO `products` VALUES ('245', 'DIR-20264185', 'محبس شنال دفن 3/4 هنش', 'قطعة', 'مواد متنوعة', '0.00', '4500.00', '10.0', '12.0', NULL, '2026-03-01 11:42:38', '2026-03-01 11:42:38');
INSERT INTO `products` VALUES ('246', 'DIR-20267890', 'صفاية بلستيك جافي 4 هنش', 'قطعة', 'مواد متنوعة', '0.00', '600.00', '10.0', '5.0', NULL, '2026-03-01 11:42:38', '2026-03-01 11:42:38');
INSERT INTO `products` VALUES ('247', 'DIR-20266632', 'صفاية بلستيك 2 هنش', 'قطعة', 'مواد متنوعة', '0.00', '500.00', '10.0', '7.0', NULL, '2026-03-01 11:42:38', '2026-03-01 11:42:38');
INSERT INTO `products` VALUES ('248', 'DIR-20268021', 'صفاية استيل مسمار', 'قطعة', 'مواد متنوعة', '0.00', '1500.00', '10.0', '5.0', NULL, '2026-03-01 11:42:38', '2026-03-01 11:42:38');
INSERT INTO `products` VALUES ('249', 'DIR-20261582', 'طاصة دش مربع 15*15 سم', 'قطعة', 'مواد متنوعة', '0.00', '1500.00', '10.0', '8.0', NULL, '2026-03-01 11:42:38', '2026-03-01 11:42:38');
INSERT INTO `products` VALUES ('250', 'DIR-20263870', 'صحة كهرباء بلستيك 10م*3ملي', 'قطعة', 'مواد متنوعة', '0.00', '800.00', '10.0', '4.0', NULL, '2026-03-01 11:42:38', '2026-03-01 11:42:38');
INSERT INTO `products` VALUES ('251', 'DIR-20265691', 'سحاب كهرباء بلستيك 5م*3ملي', 'قطعة', 'مواد متنوعة', '0.00', '600.00', '10.0', '10.0', NULL, '2026-03-01 11:42:38', '2026-03-01 11:42:38');
INSERT INTO `products` VALUES ('252', 'DIR-20266934', 'سحاب كهرباء بلستيك10م*4ملي', 'قطعة', 'مواد متنوعة', '0.00', '1200.00', '10.0', '5.0', NULL, '2026-03-01 11:42:38', '2026-03-01 11:42:38');
INSERT INTO `products` VALUES ('253', 'DIR-20265168', 'سحاب كهرباء حديد 10م', 'قطعة', 'مواد متنوعة', '0.00', '1000.00', '10.0', '1.0', NULL, '2026-03-01 11:42:38', '2026-03-01 11:42:38');
INSERT INTO `products` VALUES ('254', 'DIR-20260883', 'لحام كهرباء حديد', 'قطعة', 'قطعة', '0.00', '2000.00', '10.0', '8.0', NULL, '2026-03-01 11:56:37', '2026-03-01 11:56:37');
INSERT INTO `products` VALUES ('255', 'DIR-20266519', 'قبضة لحام كهرباء', 'قطعة', 'مواد متنوعة', '0.00', '1500.00', '10.0', '4.0', NULL, '2026-03-01 11:56:37', '2026-03-01 11:56:37');
INSERT INTO `products` VALUES ('256', 'DIR-20266618', 'لصقة عازل رصاصي', 'قطعة', 'مواد متنوعة', '0.00', '500.00', '10.0', '48.0', NULL, '2026-03-01 11:56:37', '2026-03-15 10:50:17');
INSERT INTO `products` VALUES ('257', 'DIR-20261510', 'لصقة رنج عريض 4 هنش', 'قطعة', 'مواد متنوعة', '0.00', '800.00', '10.0', '11.0', NULL, '2026-03-01 11:56:37', '2026-03-01 11:56:37');
INSERT INTO `products` VALUES ('258', 'DIR-20269676', 'لصقة رنج 2 هنش', 'قطعة', 'مواد متنوعة', '0.00', '600.00', '10.0', '34.0', NULL, '2026-03-01 11:56:37', '2026-03-01 11:56:37');
INSERT INTO `products` VALUES ('259', 'DIR-20262663', 'لصقة شفاف صغير', 'قطعة', 'مواد متنوعة', '0.00', '600.00', '10.0', '2.0', NULL, '2026-03-01 11:56:37', '2026-03-01 11:56:37');
INSERT INTO `products` VALUES ('260', 'DIR-20266077', 'لصقة شفاف كبير', 'قطعة', 'مواد متنوعة', '0.00', '800.00', '10.0', '3.0', NULL, '2026-03-01 11:56:37', '2026-03-01 11:56:37');
INSERT INTO `products` VALUES ('261', 'DIR-20264640', 'كليب حديد 4 هنش', 'قطعة', 'مواد متنوعة', '0.00', '300.00', '10.0', '19.0', NULL, '2026-03-01 11:56:37', '2026-03-01 11:56:37');
INSERT INTO `products` VALUES ('262', 'DIR-20262971', 'كليب حديد 2.5 هنش', 'قطعة', 'مواد متنوعة', '0.00', '300.00', '10.0', '40.0', NULL, '2026-03-01 11:56:37', '2026-03-01 11:56:37');
INSERT INTO `products` VALUES ('263', 'DIR-20264156', 'كليب حديد 3 هنش', 'قطعة', 'مواد متنوعة', '0.00', '250.00', '10.0', '26.0', NULL, '2026-03-01 11:56:37', '2026-03-01 11:56:37');
INSERT INTO `products` VALUES ('264', 'DIR-20267736', 'كليب حديد 1,5 هنش', 'قطعة', 'مواد متنوعة', '0.00', '200.00', '10.0', '85.0', NULL, '2026-03-01 11:56:37', '2026-03-01 11:56:37');
INSERT INTO `products` VALUES ('265', 'DIR-20262111', 'كليب حديد 2 هنش', 'قطعة', 'مواد متنوعة', '0.00', '200.00', '10.0', '54.0', NULL, '2026-03-01 11:56:37', '2026-03-01 11:56:37');
INSERT INTO `products` VALUES ('266', 'DIR-20269591', 'كليب حديد 3/4 هنش', 'قطعة', 'مواد متنوعة', '0.00', '100.00', '10.0', '187.0', NULL, '2026-03-01 11:56:37', '2026-03-01 11:56:37');
INSERT INTO `products` VALUES ('267', 'DIR-20262933', 'كليب حديد 1/2 هنش', 'قطعة', 'مواد متنوعة', '0.00', '100.00', '10.0', '188.0', NULL, '2026-03-01 11:56:37', '2026-03-01 11:56:37');
INSERT INTO `products` VALUES ('268', 'DIR-20267268', 'رزة خشب ذهبي رقم 3 ', 'قطعة', 'مواد متنوعة', '0.00', '300.00', '10.0', '24.0', NULL, '2026-03-01 11:56:37', '2026-03-01 11:56:37');
INSERT INTO `products` VALUES ('269', 'DIR-20266305', 'رزة خشب فضي رقم 3', 'قطعة', 'مواد متنوعة', '0.00', '300.00', '10.0', '45.0', NULL, '2026-03-01 11:56:37', '2026-03-01 11:56:37');
INSERT INTO `products` VALUES ('270', 'DIR-20264253', 'رزة خشب ذهبي رقم 2', 'قطعة', 'مواد متنوعة', '0.00', '200.00', '10.0', '5.0', NULL, '2026-03-01 11:56:37', '2026-03-01 11:56:37');
INSERT INTO `products` VALUES ('271', 'DIR-20261095', 'رزة المنيوم فضي رقم 2', 'قطعة', 'مواد متنوعة', '0.00', '200.00', '10.0', '3.0', NULL, '2026-03-01 11:56:37', '2026-03-01 11:56:37');
INSERT INTO `products` VALUES ('272', 'DIR-20268668', 'راس هراب 1,5 هنش', 'قطعة', 'مواد متنوعة', '0.00', '300.00', '10.0', '19.0', NULL, '2026-03-01 11:56:37', '2026-03-01 11:56:37');
INSERT INTO `products` VALUES ('273', 'DIR-20260167', 'راس هراب 1,25 هنش', 'قطعة', 'مواد متنوعة', '0.00', '300.00', '10.0', '17.0', NULL, '2026-03-01 11:56:37', '2026-03-01 11:56:37');
INSERT INTO `products` VALUES ('274', 'DIR-20265907', 'مقص زراعي', 'قطعة', 'مواد متنوعة', '0.00', '1200.00', '10.0', '17.0', NULL, '2026-03-01 11:56:37', '2026-03-01 11:56:37');
INSERT INTO `products` VALUES ('275', 'DIR-20261930', 'مغلقة حديد GSM ثلاث طلقات', 'قطعة', 'مواد متنوعة', '0.00', '4500.00', '10.0', '6.0', NULL, '2026-03-01 11:56:37', '2026-03-01 11:56:37');
INSERT INTO `products` VALUES ('276', 'DIR-20269719', 'قلب مغلقة خشب MAX', 'قطعة', 'مواد متنوعة', '0.00', '1200.00', '10.0', '11.0', NULL, '2026-03-01 11:56:37', '2026-03-01 11:56:37');
INSERT INTO `products` VALUES ('277', 'DIR-20268461', 'بطن مغلقة خشب GSM', 'قطعة', 'مواد متنوعة', '0.00', '3500.00', '10.0', '7.0', NULL, '2026-03-01 11:56:37', '2026-03-01 11:56:37');
INSERT INTO `products` VALUES ('278', 'DIR-20265621', 'راس شفاط دينمه 3/4 هنش نحاس', 'قطعة', 'مواد متنوعة', '0.00', '1200.00', '10.0', '15.0', NULL, '2026-03-01 11:56:37', '2026-03-01 11:56:37');
INSERT INTO `products` VALUES ('279', 'DIR-20268556', 'راس شفاط دينمه 1 هنش نحاس', 'قطعة', 'مواد متنوعة', '0.00', '1500.00', '10.0', '4.0', NULL, '2026-03-01 11:56:37', '2026-03-01 11:56:37');
INSERT INTO `products` VALUES ('280', 'DIR-20266191', 'يد مغلقة خشب مواصفات تركي SRT', 'قطعة', 'مواد متنوعة', '0.00', '4000.00', '10.0', '16.0', NULL, '2026-03-01 11:56:37', '2026-03-01 11:56:37');
INSERT INTO `products` VALUES ('281', 'DIR-20267551', 'يد مغلقة خشب مواصفات تركي HTC', 'قطعة', 'مواد متنوعة', '0.00', '4000.00', '10.0', '3.0', NULL, '2026-03-01 11:56:37', '2026-03-01 11:56:37');
INSERT INTO `products` VALUES ('282', 'DIR-20265004', 'يد مغلقة خشب مواصفات تركي ميلانو', 'قطعة', 'مواد متنوعة', '0.00', '4000.00', '10.0', '2.0', NULL, '2026-03-01 11:56:37', '2026-03-01 11:56:37');
INSERT INTO `products` VALUES ('283', 'DIR-20263332', 'يد مغلقة خشب مواصفات تركي HIMA', 'قطعة', 'مواد متنوعة', '0.00', '4000.00', '10.0', '1.0', NULL, '2026-03-01 11:56:37', '2026-03-01 11:56:37');
INSERT INTO `products` VALUES ('284', 'DIR-20267960', 'مغلقة اباب حديد ست طلقات ايسار', 'قطعة', 'مواد متنوعة', '0.00', '4500.00', '10.0', '10.0', NULL, '2026-03-01 11:56:37', '2026-03-01 11:56:37');
INSERT INTO `products` VALUES ('285', 'DIR-20264297', 'مسامير تريت 5*35 عبوة كبيرة الرماح', 'قطعة', 'قطعة', '0.00', '2200.00', '10.0', '3.0', NULL, '2026-03-01 12:20:50', '2026-03-01 12:20:50');
INSERT INTO `products` VALUES ('286', 'DIR-20268682', 'مسامير تريت 5*35 يمن تاكس اسود', 'قطعة', 'مواد متنوعة', '0.00', '1500.00', '10.0', '4.0', NULL, '2026-03-01 12:20:50', '2026-03-01 12:20:50');
INSERT INTO `products` VALUES ('287', 'DIR-20262652', 'مسامير تريت 5*70', 'قطعة', 'مواد متنوعة', '0.00', '900.00', '10.0', '13.0', NULL, '2026-03-01 12:20:50', '2026-03-01 12:20:50');
INSERT INTO `products` VALUES ('288', 'DIR-20265352', 'مسامير  تريت 5*40 يمن تاكس اسود', 'قطعة', 'مواد متنوعة', '0.00', '2000.00', '10.0', '3.0', NULL, '2026-03-01 12:20:50', '2026-03-01 12:20:50');
INSERT INTO `products` VALUES ('289', 'DIR-20263844', 'مسامير تريت 4*16 عبوة صغير', 'قطعة', 'مواد متنوعة', '0.00', '600.00', '10.0', '11.0', NULL, '2026-03-01 12:20:50', '2026-03-01 12:20:50');
INSERT INTO `products` VALUES ('290', 'DIR-20267307', 'مسامير تريت 4*18 عبوة صغير', 'قطعة', 'مواد متنوعة', '0.00', '600.00', '10.0', '12.0', NULL, '2026-03-01 12:20:50', '2026-03-01 12:20:50');
INSERT INTO `products` VALUES ('291', 'DIR-20264924', 'مسامير تريت 4*20 عبوة صغير', 'قطعة', 'مواد متنوعة', '0.00', '600.00', '10.0', '12.0', NULL, '2026-03-01 12:20:50', '2026-03-01 12:20:50');
INSERT INTO `products` VALUES ('292', 'DIR-20265252', 'مسامير تريت 4*25 نص كيلو', 'قطعة', 'مواد متنوعة', '0.00', '600.00', '10.0', '10.0', NULL, '2026-03-01 12:20:50', '2026-03-01 12:20:50');
INSERT INTO `products` VALUES ('293', 'DIR-20269404', 'مسامير تريت 4*25 باكت ازرق', 'قطعة', 'مواد متنوعة', '0.00', '1000.00', '10.0', '3.0', NULL, '2026-03-01 12:20:50', '2026-03-01 12:20:50');
INSERT INTO `products` VALUES ('294', 'DIR-20265287', 'مسامير تريت 4*30 باكت اصفر', 'قطعة', 'مواد متنوعة', '0.00', '900.00', '10.0', '9.0', NULL, '2026-03-01 12:20:50', '2026-03-01 12:20:50');
INSERT INTO `products` VALUES ('295', 'DIR-20260485', 'مسامير تريت 4*35 نص كيلو', 'قطعة', 'مواد متنوعة', '0.00', '900.00', '10.0', '7.0', NULL, '2026-03-01 12:20:50', '2026-03-01 12:20:50');
INSERT INTO `products` VALUES ('296', 'DIR-20263044', 'مسامير تريت 4*40 عبوة صغير 150 حبة', 'قطعة', 'مواد متنوعة', '0.00', '900.00', '10.0', '12.0', NULL, '2026-03-01 12:20:50', '2026-03-01 12:20:50');
INSERT INTO `products` VALUES ('297', 'DIR-20264728', 'مسامير تريت 4*25 هاردكس 1 كيلو', 'قطعة', 'مواد متنوعة', '0.00', '1800.00', '10.0', '3.0', NULL, '2026-03-01 12:20:50', '2026-03-01 12:20:50');
INSERT INTO `products` VALUES ('298', 'DIR-20262867', 'مسامير هنجر 400 حبة', 'قطعة', 'مواد متنوعة', '0.00', '5500.00', '10.0', '4.0', NULL, '2026-03-01 12:20:50', '2026-03-01 12:20:50');
INSERT INTO `products` VALUES ('299', 'DIR-20261641', 'مسامير لوحات 1*4.2 كيلو', 'كيلو', 'مواد متنوعة', '0.00', '2000.00', '10.0', '4.0', NULL, '2026-03-01 12:20:50', '2026-03-01 12:20:50');
INSERT INTO `products` VALUES ('300', 'DIR-20260387', 'مساير لوحات 1/2 * 8 كيلو', 'قطعة', 'مواد متنوعة', '0.00', '2200.00', '10.0', '6.0', NULL, '2026-03-01 12:20:50', '2026-03-01 12:20:50');
INSERT INTO `products` VALUES ('301', 'DIR-20262993', 'مسامير دباسة رقم 4 500 حبة', 'قطعة', 'مواد متنوعة', '0.00', '3500.00', '10.0', '5.0', NULL, '2026-03-01 12:20:50', '2026-03-01 12:20:50');
INSERT INTO `products` VALUES ('302', 'DIR-20266663', 'مسامير دباسة رقم 5 500 حبة', 'قطعة', 'مواد متنوعة', '0.00', '3500.00', '10.0', '3.0', NULL, '2026-03-01 12:20:50', '2026-03-01 12:20:50');
INSERT INTO `products` VALUES ('303', 'DIR-20265111', 'مسامير طلقات', 'قطعة', 'مواد متنوعة', '0.00', '2500.00', '10.0', '2.0', NULL, '2026-03-01 12:20:50', '2026-03-01 12:20:50');
INSERT INTO `products` VALUES ('304', 'DIR-20267519', 'مسامير كليبات كهرباء ابيض 22 ملي', 'قطعة', 'مواد متنوعة', '0.00', '700.00', '10.0', '7.0', NULL, '2026-03-01 12:20:50', '2026-03-14 08:54:12');
INSERT INTO `products` VALUES ('305', 'DIR-20261690', 'مسامير كليبات كهرباء ابيض 20 ملي', 'قطعة', 'مواد متنوعة', '0.00', '700.00', '10.0', '5.0', NULL, '2026-03-01 12:20:50', '2026-03-01 12:20:50');
INSERT INTO `products` VALUES ('306', 'DIR-20260695', 'مسامير كليبات كهرباء ابيض 18 ملي', 'قطعة', 'مواد متنوعة', '0.00', '600.00', '10.0', '9.0', NULL, '2026-03-01 12:20:50', '2026-03-01 12:20:50');
INSERT INTO `products` VALUES ('307', 'DIR-20266401', 'مسامير كليبات كهرباء ابيض 14 ملي', 'قطعة', 'مواد متنوعة', '0.00', '600.00', '10.0', '10.0', NULL, '2026-03-01 12:20:50', '2026-03-01 12:20:50');
INSERT INTO `products` VALUES ('308', 'DIR-20268312', 'مسامير كليبات كهرباء ابيض 12 ملي', 'قطعة', 'مواد متنوعة', '0.00', '500.00', '10.0', '7.0', NULL, '2026-03-01 12:20:50', '2026-03-01 12:20:50');
INSERT INTO `products` VALUES ('309', 'DIR-20268204', 'مسامير كليبات كهرباء ابيض 10 ملي', 'قطعة', 'مواد متنوعة', '0.00', '500.00', '10.0', '1.0', NULL, '2026-03-01 12:20:50', '2026-03-01 12:20:50');
INSERT INTO `products` VALUES ('310', 'DIR-20265305', 'مسامير كليبات كهرباء ابيض 8 ملي', 'قطعة', 'مواد متنوعة', '0.00', '400.00', '10.0', '15.0', NULL, '2026-03-01 12:20:50', '2026-03-01 12:20:50');
INSERT INTO `products` VALUES ('311', 'DIR-20269176', 'مسامير كليبات كهرباء ابيض 7 ملي', 'قطعة', 'مواد متنوعة', '0.00', '400.00', '10.0', '4.0', NULL, '2026-03-01 12:20:50', '2026-03-01 12:20:50');
INSERT INTO `products` VALUES ('312', 'DIR-20264962', 'دسميس مربع احمر', 'قطعة', 'مواد متنوعة', '0.00', '1000.00', '10.0', '11.0', NULL, '2026-03-01 12:20:50', '2026-03-01 12:20:50');
INSERT INTO `products` VALUES ('313', 'DIR-20263738', 'دسميس عادي احمر', 'قطعة', 'مواد متنوعة', '0.00', '1000.00', '10.0', '10.0', NULL, '2026-03-01 12:20:50', '2026-03-01 12:20:50');
INSERT INTO `products` VALUES ('314', 'DIR-20262431', 'دسميس عادي اصفر دق', 'قطعة', 'مواد متنوعة', '0.00', '500.00', '10.0', '11.0', NULL, '2026-03-01 12:20:50', '2026-03-01 12:20:50');
INSERT INTO `products` VALUES ('315', 'DIR-20263855', 'دسميس صغير ملون', 'قطعة', 'مواد متنوعة', '0.00', '300.00', '10.0', '27.0', NULL, '2026-03-01 12:20:50', '2026-03-01 12:20:50');
INSERT INTO `products` VALUES ('316', 'DIR-20261648', 'علبة ريش مشرط دنقول', 'قطعة', 'مواد متنوعة', '0.00', '300.00', '10.0', '19.0', NULL, '2026-03-01 12:20:50', '2026-03-01 12:20:50');
INSERT INTO `products` VALUES ('317', 'DIR-20268398', 'مثلوث سن داخلي حار شنال 3/4 هنش', 'قطعة', 'قطعة', '0.00', '400.00', '10.0', '48.0', NULL, '2026-03-01 12:39:12', '2026-03-01 12:39:12');
INSERT INTO `products` VALUES ('318', 'DIR-20266960', 'كوع جمل حار شنال 3/4 هنش', 'قطعة', 'مواد متنوعة', '0.00', '600.00', '10.0', '63.0', NULL, '2026-03-01 12:39:12', '2026-03-01 12:39:12');
INSERT INTO `products` VALUES ('319', 'DIR-20268548', 'جلبة كبس حار شنال 3/4 هنش', 'قطعة', 'مواد متنوعة', '0.00', '200.00', '10.0', '212.0', NULL, '2026-03-01 12:39:12', '2026-03-01 12:39:12');
INSERT INTO `products` VALUES ('320', 'DIR-20267458', 'ركبة كبس حار شنال 3/4 هنش', 'قطعة', 'مواد متنوعة', '0.00', '250.00', '10.0', '191.0', NULL, '2026-03-01 12:39:12', '2026-03-01 12:39:12');
INSERT INTO `products` VALUES ('321', 'DIR-20264577', 'شد وصل بلستيك 3/4 ض 80', 'قطعة', 'مواد متنوعة', '0.00', '700.00', '10.0', '5.0', NULL, '2026-03-01 12:39:12', '2026-03-01 12:39:12');
INSERT INTO `products` VALUES ('322', 'DIR-20268918', 'محول بلستيك 1 هنش * 1/2 هنش', 'قطعة', 'مواد متنوعة', '0.00', '400.00', '10.0', '46.0', NULL, '2026-03-01 12:39:12', '2026-03-01 12:39:12');
INSERT INTO `products` VALUES ('323', 'DIR-20262122', 'محول بلستيك 1 هنش * 3/4 هنش', 'قطعة', 'مواد متنوعة', '0.00', '400.00', '10.0', '52.0', NULL, '2026-03-01 12:39:12', '2026-03-01 12:39:12');
INSERT INTO `products` VALUES ('324', 'DIR-20261446', 'محول بلستيك 3/4 هنش * 1/2 هنش', 'قطعة', 'مواد متنوعة', '0.00', '400.00', '10.0', '27.0', NULL, '2026-03-01 12:39:12', '2026-03-01 12:39:12');
INSERT INTO `products` VALUES ('325', 'DIR-20261797', 'مثلوث كبس حار شنال 3/4 هنش', 'قطعة', 'مواد متنوعة', '0.00', '350.00', '10.0', '65.0', NULL, '2026-03-01 12:39:12', '2026-03-01 12:39:12');
INSERT INTO `products` VALUES ('326', 'DIR-20266731', 'ركبة سن داخلي شنال 3/4 هنش', 'قطعة', 'مواد متنوعة', '0.00', '500.00', '10.0', '207.0', NULL, '2026-03-01 12:39:12', '2026-03-01 12:39:12');
INSERT INTO `products` VALUES ('327', 'DIR-20262041', 'جلبة سن خارجي شنال 3/4 هنش', 'قطعة', 'مواد متنوعة', '0.00', '500.00', '10.0', '168.0', NULL, '2026-03-01 12:39:12', '2026-03-01 12:39:12');
INSERT INTO `products` VALUES ('328', 'DIR-20264189', 'جلبة سن داخلي شنال 3/4 هنش', 'قطعة', 'مواد متنوعة', '0.00', '500.00', '10.0', '14.0', NULL, '2026-03-01 12:39:12', '2026-03-01 12:39:12');
INSERT INTO `products` VALUES ('329', 'DIR-20269787', 'محبس بلستيك فراشة 3/4 هنش', 'قطعة', 'مواد متنوعة', '0.00', '400.00', '10.0', '14.0', NULL, '2026-03-01 12:39:12', '2026-03-01 12:39:12');
INSERT INTO `products` VALUES ('330', 'DIR-20262825', 'محبس بلستيك يد حديد 3/4 هنش', 'قطعة', 'مواد متنوعة', '0.00', '1000.00', '10.0', '13.0', NULL, '2026-03-01 12:39:12', '2026-03-01 12:39:12');
INSERT INTO `products` VALUES ('331', 'DIR-20262717', 'حنفي بلستيك ابيض 1/2 هنش', 'قطعة', 'مواد متنوعة', '0.00', '500.00', '10.0', '28.0', NULL, '2026-03-01 12:39:12', '2026-03-12 13:27:33');
INSERT INTO `products` VALUES ('332', 'DIR-20261595', 'محبس كبس يد حديد 1/2 هنش', 'قطعة', 'مواد متنوعة', '0.00', '500.00', '10.0', '5.0', NULL, '2026-03-01 12:39:12', '2026-03-01 12:39:12');
INSERT INTO `products` VALUES ('333', 'DIR-20267320', 'حنفي مشترك بلستيك ابيض', 'قطعة', 'مواد متنوعة', '0.00', '600.00', '10.0', '6.0', NULL, '2026-03-01 12:39:12', '2026-03-01 12:39:12');
INSERT INTO `products` VALUES ('334', 'DIR-20268741', 'محبس حديد تايفوا الاصلي 3/4 هنش', 'قطعة', 'مواد متنوعة', '0.00', '2200.00', '10.0', '10.0', NULL, '2026-03-01 12:39:12', '2026-03-01 12:39:12');
INSERT INTO `products` VALUES ('335', 'DIR-20268417', 'محبس حديد ازرق 3/4 هنش', 'قطعة', 'مواد متنوعة', '0.00', '1800.00', '10.0', '7.0', NULL, '2026-03-01 12:39:12', '2026-03-12 13:29:02');
INSERT INTO `products` VALUES ('336', 'DIR-20269889', 'محبس حديد ازرق 1 هنش', 'قطعة', 'مواد متنوعة', '0.00', '2500.00', '10.0', '3.0', NULL, '2026-03-01 12:39:12', '2026-03-01 12:39:12');
INSERT INTO `products` VALUES ('337', 'DIR-20267531', 'محبس حديد ازرق 1/2 هنش', 'قطعة', 'مواد متنوعة', '0.00', '1500.00', '10.0', '4.0', NULL, '2026-03-01 12:39:12', '2026-03-01 12:39:12');
INSERT INTO `products` VALUES ('338', 'DIR-20266334', 'حنفي حديد يد حمراء 3/4 هنش', 'قطعة', 'مواد متنوعة', '0.00', '1500.00', '10.0', '5.0', NULL, '2026-03-01 12:39:12', '2026-03-01 12:39:12');
INSERT INTO `products` VALUES ('339', 'DIR-20269493', 'حنفي نحاس ابو قفل 1 هنش', 'قطعة', 'مواد متنوعة', '0.00', '2800.00', '10.0', '3.0', NULL, '2026-03-01 12:39:12', '2026-03-01 12:39:12');
INSERT INTO `products` VALUES ('340', 'DIR-20260039', 'حنفي نحاس ابو قفل 3/4 هنش', 'قطعة', 'مواد متنوعة', '0.00', '1800.00', '10.0', '2.0', NULL, '2026-03-01 12:39:12', '2026-03-01 12:39:12');
INSERT INTO `products` VALUES ('341', 'DIR-20263027', 'حنفي نحاس ابو قفل 1/2 هنش', 'قطعة', 'مواد متنوعة', '0.00', '1500.00', '10.0', '3.0', NULL, '2026-03-01 12:39:12', '2026-03-01 12:39:12');
INSERT INTO `products` VALUES ('342', 'DIR-20262293', 'رداد نحاس تايفوا 1.5 هنش', 'قطعة', 'مواد متنوعة', '0.00', '7200.00', '10.0', '2.0', NULL, '2026-03-01 12:39:12', '2026-03-01 12:39:12');
INSERT INTO `products` VALUES ('343', 'DIR-20269624', 'رداد نحاس تايفوا 3/4 هنش', 'قطعة', 'مواد متنوعة', '0.00', '1800.00', '10.0', '6.0', NULL, '2026-03-01 12:39:12', '2026-03-01 12:39:12');
INSERT INTO `products` VALUES ('344', 'DIR-20262741', 'رداد نحاس تايفوا 1/2 هنش', 'قطعة', 'مواد متنوعة', '0.00', '1600.00', '10.0', '6.0', NULL, '2026-03-01 12:39:12', '2026-03-01 12:39:12');
INSERT INTO `products` VALUES ('345', 'DIR-20268043', 'محبس زاوية كروم فيرو', 'قطعة', 'مواد متنوعة', '0.00', '1500.00', '10.0', '12.0', NULL, '2026-03-01 12:39:12', '2026-03-01 12:39:12');
INSERT INTO `products` VALUES ('346', 'DIR-20268378', 'راس شطاف وضوا نوفا', 'قطعة', 'مواد متنوعة', '0.00', '500.00', '10.0', '8.0', NULL, '2026-03-01 12:39:12', '2026-03-01 12:39:12');
INSERT INTO `products` VALUES ('347', 'DIR-20262005', 'شطاف وضوا كروم مع لي مربع الاصلي', 'قطعة', 'مواد متنوعة', '0.00', '3500.00', '10.0', '1.0', NULL, '2026-03-01 12:39:12', '2026-03-01 12:39:12');
INSERT INTO `products` VALUES ('348', 'DIR-20264546', 'شطاف وضوا كروم مكبولو', 'قطعة', 'مواد متنوعة', '0.00', '2000.00', '10.0', '5.0', NULL, '2026-03-01 12:39:12', '2026-03-01 12:39:12');
INSERT INTO `products` VALUES ('349', 'DIR-20269717', 'شطاف وضوا مع لي ابيض', 'قطعة', 'مواد متنوعة', '0.00', '1500.00', '10.0', '3.0', NULL, '2026-03-01 12:39:12', '2026-03-01 12:39:12');
INSERT INTO `products` VALUES ('350', 'DIR-20267634', 'لقمة كمبريشان', 'قطعة', 'مواد متنوعة', '0.00', '3500.00', '10.0', '2.0', NULL, '2026-03-01 12:39:12', '2026-03-01 12:39:12');
INSERT INTO `products` VALUES ('351', 'DIR-20263963', 'قفل مربع كبير جانبي', 'قطعة', 'قطعة', '0.00', '3500.00', '10.0', '2.0', NULL, '2026-03-01 12:55:17', '2026-03-01 12:55:17');
INSERT INTO `products` VALUES ('352', 'DIR-20267852', 'قفل نحاس ثلاث حلقات نحاس الاصلي 266', 'قطعة', 'مواد متنوعة', '0.00', '4000.00', '10.0', '3.0', NULL, '2026-03-01 12:55:17', '2026-03-01 12:55:17');
INSERT INTO `products` VALUES ('353', 'DIR-20266143', 'قفل نحاس ثلاث حلقات نحاس 265', 'قطعة', 'مواد متنوعة', '5.00', '2500.00', '10.0', '1.0', NULL, '2026-03-01 12:55:17', '2026-03-01 12:55:17');
INSERT INTO `products` VALUES ('354', 'DIR-20266105', 'قفل نحاس ثلاث حلقات نحاس 264', 'قطعة', 'مواد متنوعة', '0.00', '1500.00', '10.0', '6.0', NULL, '2026-03-01 12:55:17', '2026-03-01 12:55:17');
INSERT INTO `products` VALUES ('355', 'DIR-20268688', 'قفل نحاس ثلاث حلقات نحاس 263', 'قطعة', 'مواد متنوعة', '0.00', '1200.00', '10.0', '5.0', NULL, '2026-03-01 12:55:17', '2026-03-01 12:55:17');
INSERT INTO `products` VALUES ('356', 'DIR-20264981', 'قفل نحاس ثلاث حلقات نحاس 262', 'قطعة', 'مواد متنوعة', '0.00', '700.00', '10.0', '7.0', NULL, '2026-03-01 12:55:17', '2026-03-01 12:55:17');
INSERT INTO `products` VALUES ('357', 'DIR-20264357', 'قفل كبير ابيض 63', 'قطعة', 'مواد متنوعة', '0.00', '2000.00', '10.0', '3.0', NULL, '2026-03-01 12:55:17', '2026-03-01 12:55:17');
INSERT INTO `products` VALUES ('358', 'DIR-20260669', 'قفل ابيض 38', 'قطعة', 'مواد متنوعة', '0.00', '1200.00', '10.0', '2.0', NULL, '2026-03-01 12:55:17', '2026-03-01 12:55:17');
INSERT INTO `products` VALUES ('359', 'DIR-20269755', 'قفل ابيض 32', 'قطعة', 'مواد متنوعة', '0.00', '800.00', '10.0', '2.0', NULL, '2026-03-01 12:55:17', '2026-03-01 12:55:17');
INSERT INTO `products` VALUES ('360', 'DIR-20263631', 'لصقة كهرباء ملون', 'قطعة', 'مواد متنوعة', '0.00', '200.00', '10.0', '28.0', NULL, '2026-03-01 12:55:17', '2026-03-14 08:54:12');
INSERT INTO `products` VALUES ('361', 'DIR-20262880', 'لصقة كهرباء اسود', 'قطعة', 'مواد متنوعة', '0.00', '200.00', '10.0', '8.0', NULL, '2026-03-01 12:55:17', '2026-03-09 08:29:33');
INSERT INTO `products` VALUES ('362', 'DIR-20267036', 'لصقة اصفر 3m', 'قطعة', 'مواد متنوعة', '0.00', '200.00', '10.0', '4.0', NULL, '2026-03-01 12:55:17', '2026-03-01 12:55:17');
INSERT INTO `products` VALUES ('363', 'DIR-20267253', 'مشرط ملون', 'قطعة', 'مواد متنوعة', '0.00', '300.00', '10.0', '33.0', NULL, '2026-03-01 12:55:17', '2026-03-01 12:55:17');
INSERT INTO `products` VALUES ('364', 'DIR-20264188', 'حبل تربيط ابيض ابو لفين', 'قطعة', 'مواد متنوعة', '0.00', '500.00', '10.0', '13.0', NULL, '2026-03-01 12:55:17', '2026-03-01 12:55:17');
INSERT INTO `products` VALUES ('365', 'DIR-20260200', 'حبل اصفر 6 ملي', 'قطعة', 'مواد متنوعة', '0.00', '500.00', '10.0', '38.0', NULL, '2026-03-01 12:55:17', '2026-03-01 12:55:17');
INSERT INTO `products` VALUES ('366', 'DIR-20263227', 'حبل اصفر7 ملي', 'قطعة', 'مواد متنوعة', '0.00', '600.00', '10.0', '5.0', NULL, '2026-03-01 12:55:17', '2026-03-01 12:55:17');
INSERT INTO `products` VALUES ('367', 'DIR-20265613', 'حبل اصفر 8 ملي', 'قطعة', 'مواد متنوعة', '0.00', '800.00', '10.0', '21.0', NULL, '2026-03-01 12:55:17', '2026-03-15 10:44:46');
INSERT INTO `products` VALUES ('368', 'DIR-20268093', 'حبل شداد احمر', 'قطعة', 'مواد متنوعة', '0.00', '1000.00', '10.0', '1.0', NULL, '2026-03-01 12:55:17', '2026-03-01 12:55:17');
INSERT INTO `products` VALUES ('369', 'DIR-20268136', 'حبل اصفر 12 ملي', 'قطعة', 'مواد متنوعة', '0.00', '1200.00', '10.0', '11.0', NULL, '2026-03-01 12:55:17', '2026-03-01 12:55:17');
INSERT INTO `products` VALUES ('370', 'DIR-20268110', 'حبل اصفر 10 ملي', 'قطعة', 'مواد متنوعة', '0.00', '1000.00', '10.0', '12.0', NULL, '2026-03-01 12:55:17', '2026-03-08 11:50:19');
INSERT INTO `products` VALUES ('371', 'DIR-20267597', 'لفة حبل ابو 12 ملي 100 متر', 'متر', 'مواد متنوعة', '0.00', '100.00', '10.0', '50.0', NULL, '2026-03-01 12:55:17', '2026-03-01 12:55:17');
INSERT INTO `products` VALUES ('372', 'DIR-20266625', 'لفة حبل ابو 14 ملي 100 متر', 'متر', 'مواد متنوعة', '0.00', '100.00', '10.0', '100.0', NULL, '2026-03-01 12:55:17', '2026-03-01 12:55:17');
INSERT INTO `products` VALUES ('373', 'DIR-20260275', 'كيس اسمنت ابيض 25 كجم المنصب', 'كيس', 'أسمنت', '200.00', '4000.00', '10.0', '20.0', NULL, '2026-03-03 01:14:04', '2026-03-13 11:50:41');
INSERT INTO `products` VALUES ('374', 'DIR-20269400', 'كيس اسمنت ابيض 50 كجم المنصب', 'كيلو', 'مواد متنوعة', '0.00', '8000.00', '10.0', '0.0', NULL, '2026-03-03 01:14:04', '2026-03-03 01:25:02');
INSERT INTO `products` VALUES ('375', 'DIR-20261886', 'كيس معجون جدران ابو سفينة', 'كيلو', 'مواد متنوعة', '0.00', '4500.00', '10.0', '7.0', NULL, '2026-03-03 01:14:04', '2026-03-03 01:14:04');
INSERT INTO `products` VALUES ('376', 'DIR-20260022', 'كيس عزال بلاط تيتانيوم فكس', 'كيلو', 'مواد متنوعة', '0.00', '3500.00', '10.0', '4.0', NULL, '2026-03-03 01:14:04', '2026-03-03 01:14:04');
INSERT INTO `products` VALUES ('377', 'DIR-20266192', 'كيس جبس 40 كجم', 'كيلو', 'مواد متنوعة', '0.00', '4000.00', '10.0', '1.0', NULL, '2026-03-03 01:14:04', '2026-03-03 01:14:04');
INSERT INTO `products` VALUES ('378', 'DIR-20265348', 'شوالة بودرة خشن', 'كيلو', 'مواد متنوعة', '0.00', '1500.00', '10.0', '8.0', NULL, '2026-03-03 01:14:04', '2026-03-08 11:38:48');
INSERT INTO `products` VALUES ('379', 'DIR-20265417', 'شوالة بودرة ناعم', 'كيلو', 'مواد متنوعة', '0.00', '1500.00', '10.0', '28.0', NULL, '2026-03-03 01:14:04', '2026-03-08 11:38:32');
INSERT INTO `products` VALUES ('380', 'DIR-20264295', 'كيس سيكة نصروك', 'قطعة', 'مواد متنوعة', '0.00', '3000.00', '10.0', '0.0', NULL, '2026-03-03 01:14:04', '2026-03-03 01:25:02');
INSERT INTO `products` VALUES ('381', 'DIR-20267879', 'مكينية طرطشة', 'قطعة', 'قطعة', '0.00', '3500.00', '10.0', '0.0', NULL, '2026-03-03 01:16:10', '2026-03-03 01:25:02');
INSERT INTO `products` VALUES ('382', 'DIR-20265918', 'سمجل واي 4 هنش MB ', 'قطعة', 'قطعة', '0.00', '1800.00', '10.0', '5.0', NULL, '2026-03-03 02:52:57', '2026-03-03 02:52:57');
INSERT INTO `products` VALUES ('383', 'DIR-20263455', 'كوع ريحة 4 هنش رويل', 'قطعة', 'مواد متنوعة', '1800.00', '2000.00', '10.0', '10.0', NULL, '2026-03-03 02:52:57', '2026-03-14 08:56:39');
INSERT INTO `products` VALUES ('384', 'DIR-20260928', 'مثلوث 4 هنش MB', 'قطعة', 'مواد متنوعة', '0.00', '1500.00', '10.0', '13.0', NULL, '2026-03-03 02:52:57', '2026-03-03 02:52:57');
INSERT INTO `products` VALUES ('385', 'DIR-20266285', 'مثلوث سدة 4 هنش', 'قطعة', 'مواد متنوعة', '0.00', '1800.00', '10.0', '4.0', NULL, '2026-03-03 02:52:57', '2026-03-03 02:52:57');
INSERT INTO `products` VALUES ('386', 'DIR-20269774', 'مربوع 4 هنش', 'قطعة', 'مواد متنوعة', '0.00', '2800.00', '10.0', '3.0', NULL, '2026-03-03 02:52:57', '2026-03-03 02:52:57');
INSERT INTO `products` VALUES ('387', 'DIR-20263603', 'ركبة عادي 4 هنش', 'قطعة', 'مواد متنوعة', '0.00', '1200.00', '10.0', '17.0', NULL, '2026-03-03 02:52:57', '2026-03-03 02:52:57');
INSERT INTO `products` VALUES ('388', 'DIR-20263318', 'ركبة سدة 4 هنش', 'قطعة', 'مواد متنوعة', '0.00', '1500.00', '10.0', '22.0', NULL, '2026-03-03 02:52:57', '2026-03-03 02:52:57');
INSERT INTO `products` VALUES ('389', 'DIR-20269899', 'كوع فاتح 4 هنش', 'قطعة', 'مواد متنوعة', '0.00', '1000.00', '10.0', '20.0', NULL, '2026-03-03 02:52:57', '2026-03-03 02:52:57');
INSERT INTO `products` VALUES ('390', 'DIR-20267294', 'بلنجة 4 هنش', 'قطعة', 'مواد متنوعة', '0.00', '800.00', '10.0', '19.0', NULL, '2026-03-03 02:52:57', '2026-03-03 02:52:57');
INSERT INTO `products` VALUES ('391', 'DIR-20268346', 'غطاء هواية 4 هنش', 'قطعة', 'مواد متنوعة', '0.00', '600.00', '10.0', '16.0', NULL, '2026-03-03 02:52:57', '2026-03-03 02:52:57');
INSERT INTO `products` VALUES ('392', 'DIR-20268210', 'غطاء كبس جافي 4 هنش', 'قطعة', 'مواد متنوعة', '230.00', '600.00', '10.0', '58.0', NULL, '2026-03-03 02:52:57', '2026-03-12 10:13:28');
INSERT INTO `products` VALUES ('393', 'DIR-20267324', 'سدة طبس خفيف 4 هنش', 'قطعة', 'مواد متنوعة', '0.00', '400.00', '10.0', '7.0', NULL, '2026-03-03 02:52:57', '2026-03-03 02:52:57');
INSERT INTO `products` VALUES ('394', 'DIR-20260278', 'سدة تريت 4 هنش', 'قطعة', 'مواد متنوعة', '0.00', '1100.00', '10.0', '11.0', NULL, '2026-03-03 02:52:57', '2026-03-03 02:52:57');
INSERT INTO `products` VALUES ('395', 'DIR-20263373', 'مثلوث 3 هنش ضغط', 'قطعة', 'مواد متنوعة', '0.00', '1200.00', '10.0', '9.0', NULL, '2026-03-03 02:52:57', '2026-03-03 02:52:57');
INSERT INTO `products` VALUES ('396', 'DIR-20269769', 'ركبة 3 هنش', 'قطعة', 'مواد متنوعة', '0.00', '1000.00', '10.0', '6.0', NULL, '2026-03-03 02:52:57', '2026-03-03 02:52:57');
INSERT INTO `products` VALUES ('397', 'DIR-20268557', 'كوع ريحة 3 هنش', 'قطعة', 'مواد متنوعة', '0.00', '1500.00', '10.0', '6.0', NULL, '2026-03-03 02:52:57', '2026-03-03 02:52:57');
INSERT INTO `products` VALUES ('398', 'DIR-20261974', 'بلنجة كبس 3 هنش', 'قطعة', 'مواد متنوعة', '0.00', '700.00', '10.0', '8.0', NULL, '2026-03-03 02:52:57', '2026-03-03 02:52:57');
INSERT INTO `products` VALUES ('399', 'DIR-20269911', 'سدة تريت 3 هنش', 'قطعة', 'مواد متنوعة', '0.00', '500.00', '10.0', '3.0', NULL, '2026-03-03 02:52:57', '2026-03-03 02:52:57');
INSERT INTO `products` VALUES ('400', 'DIR-20268905', 'مثلوث كبس 2,5 هنش', 'قطعة', 'مواد متنوعة', '0.00', '600.00', '10.0', '4.0', NULL, '2026-03-03 02:52:57', '2026-03-03 02:52:57');
INSERT INTO `products` VALUES ('401', 'DIR-20266608', 'ركبة كبس 2,5 هنش', 'قطعة', 'مواد متنوعة', '0.00', '500.00', '10.0', '8.0', NULL, '2026-03-03 02:52:57', '2026-03-03 02:52:57');
INSERT INTO `products` VALUES ('402', 'DIR-20262875', 'جلبة كبس 2,5 هنش', 'قطعة', 'مواد متنوعة', '0.00', '500.00', '10.0', '10.0', NULL, '2026-03-03 02:52:57', '2026-03-03 02:52:57');
INSERT INTO `products` VALUES ('403', 'DIR-20264149', 'سدة تريت 2,5 هنش', 'قطعة', 'مواد متنوعة', '0.00', '400.00', '10.0', '4.0', NULL, '2026-03-03 02:52:57', '2026-03-03 02:52:57');
INSERT INTO `products` VALUES ('404', 'DIR-20262853', 'بخاخ كربيتر', 'قطعة', 'قطعة', '0.00', '1000.00', '10.0', '7.0', NULL, '2026-03-08 09:20:47', '2026-03-08 09:20:47');
INSERT INTO `products` VALUES ('405', 'DIR-20265182', 'بخاخ ابيض', 'قطعة', 'مواد متنوعة', '0.00', '500.00', '10.0', '7.0', NULL, '2026-03-08 09:20:47', '2026-03-08 09:20:47');
INSERT INTO `products` VALUES ('406', 'DIR-20261597', 'بخاخ اصفر', 'قطعة', 'مواد متنوعة', '0.00', '500.00', '10.0', '7.0', NULL, '2026-03-08 09:20:47', '2026-03-08 09:20:47');
INSERT INTO `products` VALUES ('407', 'DIR-20268186', 'بخاخ اخضر', 'قطعة', 'مواد متنوعة', '0.00', '500.00', '10.0', '4.0', NULL, '2026-03-08 09:20:47', '2026-03-08 09:20:47');
INSERT INTO `products` VALUES ('408', 'DIR-20262553', 'بخاخ احمر', 'قطعة', 'مواد متنوعة', '0.00', '500.00', '10.0', '8.0', NULL, '2026-03-08 09:20:47', '2026-03-08 09:20:47');
INSERT INTO `products` VALUES ('409', 'DIR-20262886', 'بخاخ ازرق', 'قطعة', 'مواد متنوعة', '0.00', '500.00', '10.0', '5.0', NULL, '2026-03-08 09:20:47', '2026-03-08 09:20:47');
INSERT INTO `products` VALUES ('410', 'DIR-20268220', 'بخاخ اسود', 'قطعة', 'مواد متنوعة', '0.00', '500.00', '10.0', '8.0', NULL, '2026-03-08 09:20:47', '2026-03-08 09:20:47');
INSERT INTO `products` VALUES ('411', 'DIR-20261189', 'بخاخ رصاصي', 'قطعة', 'مواد متنوعة', '0.00', '500.00', '10.0', '12.0', NULL, '2026-03-08 09:20:47', '2026-03-08 09:20:47');
INSERT INTO `products` VALUES ('412', 'DIR-20260811', 'سلكون الماني اسود', 'قطعة', 'أدوات صحية', '0.00', '1300.00', '10.0', '0.0', NULL, '2026-03-08 09:20:47', '2026-03-13 11:28:33');
INSERT INTO `products` VALUES ('413', 'DIR-20264998', 'تخشينة خشب', 'قطعة', 'مواد متنوعة', '0.00', '1200.00', '10.0', '6.0', NULL, '2026-03-08 09:20:47', '2026-03-08 09:20:47');
INSERT INTO `products` VALUES ('414', 'DIR-20266809', 'بروة بلاط شرشر', 'قطعة', 'مواد متنوعة', '0.00', '1500.00', '10.0', '12.0', NULL, '2026-03-08 09:20:47', '2026-03-08 09:20:47');
INSERT INTO `products` VALUES ('415', 'DIR-20265164', 'جلمبوة 14 ملي', 'قطعة', 'مواد متنوعة', '0.00', '3000.00', '10.0', '3.0', NULL, '2026-03-08 09:20:47', '2026-03-08 09:20:47');
INSERT INTO `products` VALUES ('416', 'DIR-20260037', 'جلمبوة 10 ملي', 'قطعة', 'مواد متنوعة', '0.00', '2000.00', '10.0', '3.0', NULL, '2026-03-08 09:20:47', '2026-03-08 09:20:47');
INSERT INTO `products` VALUES ('417', 'DIR-20263839', 'جلمبوة 12 ملي', 'قطعة', 'مواد متنوعة', '0.00', '2500.00', '10.0', '2.0', NULL, '2026-03-08 09:20:47', '2026-03-08 09:20:47');
INSERT INTO `products` VALUES ('418', 'DIR-20265187', 'مطرقة بلاط بلستيك', 'قطعة', 'مواد متنوعة', '0.00', '1000.00', '10.0', '8.0', NULL, '2026-03-08 09:20:47', '2026-03-08 09:20:47');
INSERT INTO `products` VALUES ('419', 'DIR-20269346', 'خبطة ماطور', 'قطعة', 'مواد متنوعة', '0.00', '1500.00', '10.0', '3.0', NULL, '2026-03-08 09:20:47', '2026-03-08 09:20:47');
INSERT INTO `products` VALUES ('420', 'DIR-20263864', 'فرص تكسير عريض', 'قطعة', 'مواد متنوعة', '0.00', '1500.00', '10.0', '3.0', NULL, '2026-03-08 09:20:47', '2026-03-08 09:20:47');
INSERT INTO `products` VALUES ('421', 'DIR-20267940', 'فرص تكسير مربع', 'قطعة', 'مواد متنوعة', '0.00', '1500.00', '10.0', '2.0', NULL, '2026-03-08 09:20:47', '2026-03-08 09:20:47');
INSERT INTO `products` VALUES ('422', 'DIR-20268478', 'بانة غاز', 'قطعة', 'مواد متنوعة', '0.00', '400.00', '10.0', '8.0', NULL, '2026-03-08 09:20:47', '2026-03-08 09:20:47');
INSERT INTO `products` VALUES ('423', 'DIR-20266876', 'مثلث غز', 'قطعة', 'مواد متنوعة', '0.00', '200.00', '10.0', '44.0', NULL, '2026-03-08 09:20:47', '2026-03-08 09:20:47');
INSERT INTO `products` VALUES ('424', 'DIR-20267982', 'سطول صبة احمر', 'قطعة', 'مواد متنوعة', '0.00', '800.00', '10.0', '13.0', NULL, '2026-03-08 09:20:47', '2026-03-08 09:20:47');
INSERT INTO `products` VALUES ('425', 'DIR-20265683', 'شلك صيني ابو دبة', 'قطعة', 'مواد متنوعة', '0.00', '200.00', '10.0', '2.0', NULL, '2026-03-08 09:20:47', '2026-03-08 09:20:47');
INSERT INTO `products` VALUES ('426', 'DIR-20268861', 'حنفي ترمس', 'قطعة', 'مواد متنوعة', '0.00', '400.00', '10.0', '11.0', NULL, '2026-03-08 09:20:47', '2026-03-08 09:20:47');
INSERT INTO `products` VALUES ('427', 'DIR-20262986', 'حنفي قطارة', 'قطعة', 'مواد متنوعة', '0.00', '400.00', '10.0', '13.0', NULL, '2026-03-08 09:20:47', '2026-03-08 09:20:47');
INSERT INTO `products` VALUES ('428', 'DIR-20263785', 'حنفي بلستيك يد برتقالي 1/2 هنش', 'قطعة', 'مواد متنوعة', '0.00', '400.00', '10.0', '5.0', NULL, '2026-03-08 09:20:47', '2026-03-08 09:20:47');
INSERT INTO `products` VALUES ('429', 'DIR-20263218', 'زوايا حديد صغير', 'قطعة', 'مواد متنوعة', '0.00', '100.00', '10.0', '16.0', NULL, '2026-03-08 09:20:47', '2026-03-08 09:20:47');
INSERT INTO `products` VALUES ('430', 'DIR-20262787', 'زاوية حديد مخزق عريض', 'قطعة', 'مواد متنوعة', '0.00', '100.00', '10.0', '72.0', NULL, '2026-03-08 09:20:47', '2026-03-08 09:20:47');
INSERT INTO `products` VALUES ('431', 'DIR-20263831', 'منظم غاز ايطالي', 'قطعة', 'مواد متنوعة', '0.00', '1800.00', '10.0', '8.0', NULL, '2026-03-08 09:20:47', '2026-03-08 09:20:47');
INSERT INTO `products` VALUES ('432', 'DIR-20264632', 'رزة باب كبير ابو قفل', 'قطعة', 'مواد متنوعة', '0.00', '500.00', '10.0', '44.0', NULL, '2026-03-08 09:20:47', '2026-03-08 09:20:47');
INSERT INTO `products` VALUES ('433', 'DIR-20260857', 'مفصلات قلاعي متوسط', 'قطعة', 'مواد متنوعة', '0.00', '1000.00', '10.0', '1.0', NULL, '2026-03-08 09:20:47', '2026-03-08 09:20:47');
INSERT INTO `products` VALUES ('434', 'DIR-20268089', 'مفصلات صغير', 'قطعة', 'مواد متنوعة', '0.00', '200.00', '10.0', '24.0', NULL, '2026-03-08 09:20:47', '2026-03-08 09:20:47');
INSERT INTO `products` VALUES ('435', 'DIR-20262973', 'شدة دبابيس حق سيارة', 'قطعة', 'مواد متنوعة', '0.00', '10.00', '10.0', '100.0', NULL, '2026-03-08 09:20:47', '2026-03-08 09:20:47');
INSERT INTO `products` VALUES ('436', 'DIR-20263797', 'مفصلات 3.5*3.5 ', 'قطعة', 'مواد متنوعة', '0.00', '800.00', '10.0', '7.0', NULL, '2026-03-08 09:20:47', '2026-03-08 09:20:47');
INSERT INTO `products` VALUES ('437', 'DIR-20265052', 'مفصلات 3.5*4 ابو بيرنج', 'قطعة', 'مواد متنوعة', '0.00', '1000.00', '10.0', '4.0', NULL, '2026-03-08 09:20:47', '2026-03-08 09:20:47');
INSERT INTO `products` VALUES ('438', 'DIR-20263257', 'مفصلات ابو سبلة', 'قطعة', 'مواد متنوعة', '0.00', '300.00', '10.0', '10.0', NULL, '2026-03-08 09:20:47', '2026-03-08 09:20:47');
INSERT INTO `products` VALUES ('439', 'DIR-20267382', 'مهازر ادراج فضي طويل', 'قطعة', 'مواد متنوعة', '0.00', '200.00', '10.0', '9.0', NULL, '2026-03-08 09:20:47', '2026-03-08 09:20:47');
INSERT INTO `products` VALUES ('440', 'DIR-20269306', 'مهازر ادراج ذهبي طويل', 'قطعة', 'مواد متنوعة', '0.00', '200.00', '10.0', '39.0', NULL, '2026-03-08 09:20:47', '2026-03-08 09:20:47');
INSERT INTO `products` VALUES ('441', 'DIR-20266590', 'مهازر ادراج خشب مدور', 'قطعة', 'مواد متنوعة', '0.00', '100.00', '10.0', '25.0', NULL, '2026-03-08 09:20:47', '2026-03-08 09:20:47');
INSERT INTO `products` VALUES ('442', 'DIR-20263832', 'مهازر ادراج ذهبي مدور', 'قطعة', 'مواد متنوعة', '0.00', '150.00', '10.0', '11.0', NULL, '2026-03-08 09:20:47', '2026-03-08 09:20:47');
INSERT INTO `products` VALUES ('443', 'DIR-20261130', 'مهازر ادراج فضي مدور', 'قطعة', 'مواد متنوعة', '0.00', '150.00', '10.0', '12.0', NULL, '2026-03-08 09:20:47', '2026-03-08 09:20:47');
INSERT INTO `products` VALUES ('444', 'DIR-20266172', 'كوب برش حق جلخ خشن', 'قطعة', 'قطعة', '0.00', '800.00', '10.0', '4.0', NULL, '2026-03-08 09:42:01', '2026-03-08 09:42:01');
INSERT INTO `products` VALUES ('445', 'DIR-20267461', 'ميزان بناء حجر', 'قطعة', 'مواد متنوعة', '0.00', '100.00', '10.0', '11.0', NULL, '2026-03-08 09:42:01', '2026-03-08 09:42:01');
INSERT INTO `products` VALUES ('446', 'DIR-20263242', 'ميزان بلبل نجارة', 'قطعة', 'مواد متنوعة', '0.00', '1000.00', '10.0', '7.0', NULL, '2026-03-08 09:42:01', '2026-03-08 09:42:01');
INSERT INTO `products` VALUES ('447', 'DIR-20266524', 'توصيلة كهرباء ابيض 3/4 هنش', 'قطعة', 'مواد متنوعة', '0.00', '100.00', '10.0', '76.0', NULL, '2026-03-08 09:42:01', '2026-03-08 09:42:01');
INSERT INTO `products` VALUES ('448', 'DIR-20262822', 'شبك صفاية بلستيك', 'قطعة', 'مواد متنوعة', '0.00', '100.00', '10.0', '193.0', NULL, '2026-03-08 09:42:01', '2026-03-10 02:01:19');
INSERT INTO `products` VALUES ('449', 'DIR-20267742', 'تلوينة اخضر غامق ابو صقر ', 'قطعة', 'مواد متنوعة', '0.00', '300.00', '10.0', '6.0', NULL, '2026-03-08 09:42:01', '2026-03-08 09:42:01');
INSERT INTO `products` VALUES ('450', 'DIR-20260859', 'تلوية اخضر فاتح ابو هلال', 'قطعة', 'مواد متنوعة', '0.00', '300.00', '10.0', '9.0', NULL, '2026-03-08 09:42:01', '2026-03-08 09:42:01');
INSERT INTO `products` VALUES ('451', 'DIR-20267486', 'تلوينة بنفسجي', 'قطعة', 'مواد متنوعة', '0.00', '300.00', '10.0', '3.0', NULL, '2026-03-08 09:42:01', '2026-03-08 09:42:01');
INSERT INTO `products` VALUES ('452', 'DIR-20260939', 'تلوينة وردي ابو فراشة', 'قطعة', 'مواد متنوعة', '0.00', '300.00', '10.0', '5.0', NULL, '2026-03-08 09:42:01', '2026-03-08 09:42:01');
INSERT INTO `products` VALUES ('453', 'DIR-20262763', 'تلوينة بني فاتح', 'قطعة', 'مواد متنوعة', '0.00', '300.00', '10.0', '3.0', NULL, '2026-03-08 09:42:01', '2026-03-08 09:42:01');
INSERT INTO `products` VALUES ('454', 'DIR-20266976', 'تلوينة بني غامق', 'قطعة', 'مواد متنوعة', '0.00', '300.00', '10.0', '9.0', NULL, '2026-03-08 09:42:01', '2026-03-08 09:42:01');
INSERT INTO `products` VALUES ('455', 'DIR-20261494', 'تلوينة احمر', 'قطعة', 'مواد متنوعة', '0.00', '300.00', '10.0', '16.0', NULL, '2026-03-08 09:42:01', '2026-03-08 09:42:01');
INSERT INTO `products` VALUES ('456', 'DIR-20266856', 'تلوينة اسود', 'قطعة', 'مواد متنوعة', '0.00', '300.00', '10.0', '5.0', NULL, '2026-03-08 09:42:01', '2026-03-08 09:42:01');
INSERT INTO `products` VALUES ('457', 'DIR-20265699', 'تلوينة ابيض', 'قطعة', 'مواد متنوعة', '0.00', '300.00', '10.0', '3.0', NULL, '2026-03-08 09:42:01', '2026-03-08 09:42:01');
INSERT INTO `products` VALUES ('458', 'DIR-20267514', 'شلك شمعي', 'قطعة', 'مواد متنوعة', '0.00', '50.00', '10.0', '21.0', NULL, '2026-03-08 09:42:01', '2026-03-15 10:50:17');
INSERT INTO `products` VALUES ('459', 'DIR-20264411', 'غراء صيني احمر', 'قطعة', 'مواد متنوعة', '0.00', '300.00', '10.0', '9.0', NULL, '2026-03-08 09:42:01', '2026-03-08 09:42:01');
INSERT INTO `products` VALUES ('460', 'DIR-20265118', 'منظف مجاري', 'قطعة', 'مواد متنوعة', '0.00', '1200.00', '10.0', '10.0', NULL, '2026-03-08 09:42:01', '2026-03-08 09:42:01');
INSERT INTO `products` VALUES ('461', 'DIR-20263666', 'خلاط مطبخ مفرد بلستيك ابيض', 'قطعة', 'مواد متنوعة', '0.00', '1000.00', '10.0', '3.0', NULL, '2026-03-08 09:42:01', '2026-03-08 09:42:01');
INSERT INTO `products` VALUES ('462', 'DIR-20267810', 'علبة رنج زيتي 1/2 كيلو اورنت ابيض', 'قطعة', 'مواد متنوعة', '0.00', '1300.00', '10.0', '9.0', NULL, '2026-03-08 09:42:01', '2026-03-08 09:42:01');
INSERT INTO `products` VALUES ('463', 'DIR-20262474', 'علبة رنج زيتي 1/2 كيلو اورنت بني', 'قطعة', 'مواد متنوعة', '0.00', '1300.00', '10.0', '8.0', NULL, '2026-03-08 09:42:01', '2026-03-08 09:42:01');
INSERT INTO `products` VALUES ('464', 'DIR-20263217', 'علبة رنج زيتي 1/2 كيلو اورنت اسود', 'قطعة', 'مواد متنوعة', '0.00', '1300.00', '10.0', '10.0', NULL, '2026-03-08 09:42:01', '2026-03-08 09:42:01');
INSERT INTO `products` VALUES ('465', 'DIR-20269217', 'علبة رنج زيتي 1/2 كيلو كميكو اصفر', 'قطعة', 'مواد متنوعة', '0.00', '1300.00', '10.0', '4.0', NULL, '2026-03-08 09:42:01', '2026-03-09 08:56:32');
INSERT INTO `products` VALUES ('466', 'DIR-20268103', 'علبة رنج زيتي 1/2 كيلو كميكو ازرق', 'قطعة', 'مواد متنوعة', '0.00', '1300.00', '10.0', '6.0', NULL, '2026-03-08 09:42:01', '2026-03-08 09:42:01');
INSERT INTO `products` VALUES ('467', 'DIR-20267917', 'علبة رنج زيتي 1/2 كيلو كميكو اخضر غامق', 'قطعة', 'مواد متنوعة', '0.00', '1300.00', '10.0', '2.0', NULL, '2026-03-08 09:42:01', '2026-03-08 09:42:01');
INSERT INTO `products` VALUES ('468', 'DIR-20265120', 'علبة رنج زيتي 1/2 كيلو كميكو اخضر فاتح', 'قطعة', 'مواد متنوعة', '0.00', '1300.00', '10.0', '3.0', NULL, '2026-03-08 09:42:01', '2026-03-08 09:42:01');
INSERT INTO `products` VALUES ('469', 'DIR-20265789', 'علبة رنج زيتي 1/2 كيلو اورنت احمر', 'قطعة', 'مواد متنوعة', '0.00', '1300.00', '10.0', '4.0', NULL, '2026-03-08 09:42:01', '2026-03-08 09:42:01');
INSERT INTO `products` VALUES ('470', 'DIR-20261743', 'علبة رنج زيتي 1 كيلو اورنت استايل اسود', 'قطعة', 'مواد متنوعة', '0.00', '2500.00', '10.0', '5.0', NULL, '2026-03-08 09:42:01', '2026-03-08 09:42:01');
INSERT INTO `products` VALUES ('471', 'DIR-20269083', 'علبة رنج   للخشب 1 كيلو اطلس', 'قطعة', 'مواد متنوعة', '0.00', '2000.00', '10.0', '7.0', NULL, '2026-03-08 09:42:01', '2026-03-13 11:37:55');
INSERT INTO `products` VALUES ('472', 'DIR-20263473', 'علبة رنج ضط الذحل 1/2 كيلو بني', 'قطعة', 'مواد متنوعة', '0.00', '1300.00', '10.0', '4.0', NULL, '2026-03-08 09:42:01', '2026-03-08 09:42:01');
INSERT INTO `products` VALUES ('473', 'DIR-20260748', 'غراء حجر بناء', 'قطعة', 'مواد متنوعة', '0.00', '2000.00', '10.0', '8.0', NULL, '2026-03-08 09:42:01', '2026-03-08 09:42:01');
INSERT INTO `products` VALUES ('474', 'DIR-20268617', 'غراء حار 1/4 كيلو مصري', 'قطعة', 'مواد متنوعة', '0.00', '1500.00', '10.0', '12.0', NULL, '2026-03-08 09:42:01', '2026-03-08 09:42:01');
INSERT INTO `products` VALUES ('475', 'DIR-20268943', 'غراء حار 1/4 كيلو ماليزي', 'قطعة', 'مواد متنوعة', '0.00', '1500.00', '10.0', '5.0', NULL, '2026-03-08 09:42:01', '2026-03-08 09:42:01');
INSERT INTO `products` VALUES ('476', 'DIR-20266772', 'غراء حار 1/4 كيلو امريكي ولدن', 'قطعة', 'مواد متنوعة', '0.00', '3500.00', '10.0', '2.0', NULL, '2026-03-08 09:42:01', '2026-03-08 09:42:01');
INSERT INTO `products` VALUES ('477', 'DIR-20267452', 'غراء حار سفري ماليزي', 'قطعة', 'مواد متنوعة', '0.00', '300.00', '10.0', '12.0', NULL, '2026-03-08 09:42:01', '2026-03-15 11:20:43');
INSERT INTO `products` VALUES ('478', 'DIR-20262925', 'غراء بارد 1/2 كيلو امريكي', 'قطعة', 'مواد متنوعة', '0.00', '4500.00', '10.0', '1.0', NULL, '2026-03-08 09:42:01', '2026-03-08 09:42:01');
INSERT INTO `products` VALUES ('479', 'DIR-20269946', 'شلك موكيت كبراء', 'قطعة', 'مواد متنوعة', '0.00', '600.00', '10.0', '1.0', NULL, '2026-03-08 09:42:01', '2026-03-11 06:00:39');
INSERT INTO `products` VALUES ('480', 'DIR-20267040', 'مطرقة 150 جرام برتقالي', 'قطعة', 'مواد متنوعة', '0.00', '1500.00', '10.0', '13.0', NULL, '2026-03-08 09:42:01', '2026-03-08 09:42:01');
INSERT INTO `products` VALUES ('481', 'DIR-20262164', 'مطرقة 150 جرام اصفر', 'قطعة', 'مواد متنوعة', '0.00', '1500.00', '10.0', '8.0', NULL, '2026-03-08 09:42:01', '2026-03-08 09:42:01');
INSERT INTO `products` VALUES ('482', 'DIR-20265189', 'مطرقة 100 جرام اصفر', 'قطعة', 'مواد متنوعة', '0.00', '1000.00', '10.0', '6.0', NULL, '2026-03-08 09:42:01', '2026-03-10 02:01:19');
INSERT INTO `products` VALUES ('483', 'DIR-20261421', 'جالون مائي اورنت ساتن 322', 'قطعة', 'قطعة', '0.00', '2500.00', '10.0', '4.0', NULL, '2026-03-08 09:55:38', '2026-03-08 09:55:38');
INSERT INTO `products` VALUES ('484', 'DIR-20261784', 'جالون مائي اورنت ستايل 333', 'قطعة', 'مواد متنوعة', '0.00', '3200.00', '10.0', '12.0', NULL, '2026-03-08 09:55:38', '2026-03-08 09:55:38');
INSERT INTO `products` VALUES ('485', 'DIR-20260531', 'جالون زيتي اورنت ستايل 411', 'قطعة', 'مواد متنوعة', '0.00', '6500.00', '10.0', '5.0', NULL, '2026-03-08 09:55:38', '2026-03-11 06:00:39');
INSERT INTO `products` VALUES ('486', 'DIR-20262451', 'برميل مائي اورنت ساتن', 'قطعة', 'مواد متنوعة', '0.00', '8500.00', '10.0', '9.0', NULL, '2026-03-08 09:55:38', '2026-03-08 09:55:38');
INSERT INTO `products` VALUES ('487', 'DIR-20264343', 'برميل معجون جدران جلون', 'قطعة', 'مواد متنوعة', '0.00', '9500.00', '10.0', '6.0', NULL, '2026-03-08 09:55:38', '2026-03-08 09:55:38');
INSERT INTO `products` VALUES ('488', 'DIR-20261824', 'برميل زيتي اورنت ستايل', 'قطعة', 'مواد متنوعة', '0.00', '25000.00', '10.0', '1.0', NULL, '2026-03-08 09:55:38', '2026-03-08 09:55:38');
INSERT INTO `products` VALUES ('489', 'DIR-20269546', 'مغلقة درج ابو طقة', 'قطعة', 'مواد متنوعة', '0.00', '100.00', '10.0', '90.0', NULL, '2026-03-08 09:55:38', '2026-03-08 09:55:38');
INSERT INTO `products` VALUES ('490', 'DIR-20265712', 'مساميرتثبيت مغسلة يد كبير', 'قطعة', 'مواد متنوعة', '0.00', '500.00', '10.0', '5.0', NULL, '2026-03-08 09:55:38', '2026-03-08 09:55:38');
INSERT INTO `products` VALUES ('491', 'DIR-20261826', 'مسامير تثبيت كرسي افرنجي', 'قطعة', 'مواد متنوعة', '0.00', '500.00', '10.0', '13.0', NULL, '2026-03-08 09:55:38', '2026-03-08 09:55:38');
INSERT INTO `products` VALUES ('492', 'DIR-20261903', 'مسامير تثبيت سخان كهرباء', 'قطعة', 'مواد متنوعة', '0.00', '500.00', '10.0', '8.0', NULL, '2026-03-08 09:55:38', '2026-03-08 09:55:38');
INSERT INTO `products` VALUES ('493', 'DIR-20262392', 'اصابيع بطارية حديد', 'قطعة', 'مواد متنوعة', '0.00', '500.00', '10.0', '10.0', NULL, '2026-03-08 09:55:38', '2026-03-08 09:55:38');
INSERT INTO `products` VALUES ('494', 'DIR-20269406', 'مفتاح دريل', 'قطعة', 'مواد متنوعة', '0.00', '800.00', '10.0', '6.0', NULL, '2026-03-08 09:55:38', '2026-03-08 09:55:38');
INSERT INTO `products` VALUES ('495', 'DIR-20264624', 'ماصورة دش نحاس', 'قطعة', 'مواد متنوعة', '0.00', '2000.00', '10.0', '3.0', NULL, '2026-03-08 09:55:38', '2026-03-08 09:55:38');
INSERT INTO `products` VALUES ('496', 'DIR-20261492', 'لي سخان شمسي', 'متر', 'مواد متنوعة', '0.00', '250.00', '10.0', '80.0', NULL, '2026-03-08 09:55:38', '2026-03-08 09:57:04');
INSERT INTO `products` VALUES ('497', 'DIR-20269686', 'لي غاز', 'متر', 'مواد متنوعة', '0.00', '250.00', '10.0', '45.0', NULL, '2026-03-08 09:55:38', '2026-03-09 11:13:23');
INSERT INTO `products` VALUES ('498', 'DIR-20262226', 'تواير عربية بدون طاوة', 'قطعة', 'مواد متنوعة', '0.00', '4000.00', '10.0', '3.0', NULL, '2026-03-08 09:55:38', '2026-03-08 09:55:38');
INSERT INTO `products` VALUES ('499', 'DIR-20266530', 'تواير عربية مع طاوة', 'قطعة', 'مواد متنوعة', '0.00', '5500.00', '10.0', '2.0', NULL, '2026-03-08 09:55:38', '2026-03-08 09:55:38');
INSERT INTO `products` VALUES ('500', 'DIR-20265845', 'طاوة عربية خاوي', 'قطعة', 'مواد متنوعة', '0.00', '1500.00', '10.0', '3.0', NULL, '2026-03-08 09:55:38', '2026-03-08 09:55:38');
INSERT INTO `products` VALUES ('501', 'DIR-20265751', 'طاوة عربية صم', 'قطعة', 'مواد متنوعة', '0.00', '2000.00', '10.0', '2.0', NULL, '2026-03-08 09:55:38', '2026-03-08 09:55:38');
INSERT INTO `products` VALUES ('502', 'DIR-20261955', 'لي ماء اخضر 1 هنس', 'متر', 'مواد متنوعة', '0.00', '600.00', '10.0', '38.0', NULL, '2026-03-08 09:55:38', '2026-03-14 08:54:12');
INSERT INTO `products` VALUES ('503', 'DIR-20269654', 'لي ماء اخضر 1/4 هنش تركي', 'متر', '', '0.00', '500.00', '10.0', '36.0', NULL, '2026-03-08 10:15:30', '2026-03-09 11:10:13');
INSERT INTO `products` VALUES ('504', 'DIR-20268946', 'لي ماء اخضر 1/2 هنش تركي', 'متر', 'مواد متنوعة', '0.00', '400.00', '10.0', '34.0', NULL, '2026-03-08 10:15:30', '2026-03-10 02:01:19');
INSERT INTO `products` VALUES ('505', 'DIR-20264061', 'لي ابيض 1 هنش شفاف ابيض', 'متر', 'مواد متنوعة', '0.00', '600.00', '10.0', '40.0', NULL, '2026-03-08 10:15:30', '2026-03-08 10:15:30');
INSERT INTO `products` VALUES ('506', 'DIR-20264510', 'لفة سلك تربيط 5 كيلو', 'قطعة', 'مواد متنوعة', '0.00', '4000.00', '10.0', '9.0', NULL, '2026-03-08 10:15:30', '2026-03-08 10:15:30');
INSERT INTO `products` VALUES ('507', 'DIR-20261847', 'هراوة مفرس كبير', 'قطعة', 'مواد متنوعة', '0.00', '500.00', '10.0', '36.0', NULL, '2026-03-08 10:15:30', '2026-03-08 10:15:30');
INSERT INTO `products` VALUES ('508', 'DIR-20269601', 'هراوة زبرة صغير', 'قطعة', 'مواد متنوعة', '0.00', '300.00', '10.0', '22.0', NULL, '2026-03-08 10:15:30', '2026-03-08 10:15:30');
INSERT INTO `products` VALUES ('509', 'DIR-20268620', 'هراوة شاكوش نجارة', 'قطعة', 'مواد متنوعة', '0.00', '500.00', '10.0', '9.0', NULL, '2026-03-08 10:15:30', '2026-03-08 10:15:30');
INSERT INTO `products` VALUES ('510', 'DIR-20269093', 'هراوة مجارف مربع', 'قطعة', 'مواد متنوعة', '0.00', '1500.00', '10.0', '5.0', NULL, '2026-03-08 10:15:30', '2026-03-08 10:15:30');
INSERT INTO `products` VALUES ('511', 'DIR-20267336', 'كرسي عربي هندي 1/2 رقبة', 'قطعة', 'مواد متنوعة', '0.00', '5500.00', '10.0', '3.0', NULL, '2026-03-08 10:15:30', '2026-03-08 10:15:30');
INSERT INTO `products` VALUES ('512', 'DIR-20263150', 'كرسي عربي مربع عريض 1/2 رقبة', 'قطعة', 'مواد متنوعة', '0.00', '8000.00', '10.0', '2.0', NULL, '2026-03-08 10:15:30', '2026-03-08 10:15:30');
INSERT INTO `products` VALUES ('513', 'DIR-20261043', 'كرسي عربي مربع محبب رقبة كاملة', 'قطعة', 'مواد متنوعة', '0.00', '5500.00', '10.0', '2.0', NULL, '2026-03-08 10:15:30', '2026-03-08 10:15:30');
INSERT INTO `products` VALUES ('514', 'DIR-20267903', 'مطرقة شرعبي مع الهراوة بلدي', 'قطعة', 'مواد متنوعة', '0.00', '2500.00', '10.0', '3.0', NULL, '2026-03-08 10:15:30', '2026-03-08 10:15:30');
INSERT INTO `products` VALUES ('515', 'DIR-20267608', 'مطرقة شامي كلاوي', 'قطعة', 'مواد متنوعة', '0.00', '3500.00', '10.0', '7.0', NULL, '2026-03-08 10:15:30', '2026-03-08 10:15:30');
INSERT INTO `products` VALUES ('516', 'DIR-20264913', 'هراوي شامي اصلي', 'قطعة', 'مواد متنوعة', '0.00', '1000.00', '10.0', '7.0', NULL, '2026-03-08 10:15:30', '2026-03-08 10:15:30');
INSERT INTO `products` VALUES ('517', 'DIR-20268350', 'شلك عجينة ازرق', 'قطعة', 'مواد متنوعة', '0.00', '300.00', '10.0', '28.0', NULL, '2026-03-08 10:15:30', '2026-03-08 10:15:30');
INSERT INTO `products` VALUES ('518', 'DIR-20265777', 'قدوم نجارة مع الهراوة', 'قطعة', 'مواد متنوعة', '0.00', '2000.00', '10.0', '2.0', NULL, '2026-03-08 10:15:30', '2026-03-08 10:15:30');
INSERT INTO `products` VALUES ('519', 'DIR-20268614', 'عتلة نجارة صفراء كبير 60 سم', 'قطعة', 'مواد متنوعة', '0.00', '4500.00', '10.0', '1.0', NULL, '2026-03-08 10:15:30', '2026-03-08 10:15:30');
INSERT INTO `products` VALUES ('520', 'DIR-20262491', 'دريل 13 ملي واي هند اصفر', 'قطعة', 'مواد متنوعة', '0.00', '13000.00', '10.0', '1.0', NULL, '2026-03-08 10:15:30', '2026-03-08 10:15:30');
INSERT INTO `products` VALUES ('521', 'DIR-20262674', 'منظم طاقة 20 امبير', 'قطعة', 'مواد متنوعة', '0.00', '6000.00', '10.0', '1.0', NULL, '2026-03-08 10:15:30', '2026-03-08 10:15:30');
INSERT INTO `products` VALUES ('522', 'DIR-20268032', 'بانة حرف T 8 ملي اصفر', 'قطعة', 'مواد متنوعة', '0.00', '1500.00', '10.0', '3.0', NULL, '2026-03-08 10:15:30', '2026-03-08 10:15:30');
INSERT INTO `products` VALUES ('523', 'DIR-20262150', 'بانة حرف T 10 ملي اصفر', 'قطعة', 'مواد متنوعة', '0.00', '1500.00', '10.0', '4.0', NULL, '2026-03-08 10:15:30', '2026-03-08 10:15:30');
INSERT INTO `products` VALUES ('524', 'DIR-20264140', 'بانة حرف T 12 ملي اسود', 'قطعة', 'مواد متنوعة', '0.00', '800.00', '10.0', '2.0', NULL, '2026-03-08 10:15:30', '2026-03-08 10:15:30');
INSERT INTO `products` VALUES ('525', 'DIR-20264372', 'مفك بلاك 21', 'قطعة', 'مواد متنوعة', '0.00', '1200.00', '10.0', '6.0', NULL, '2026-03-08 10:15:30', '2026-03-08 10:15:30');
INSERT INTO `products` VALUES ('526', 'DIR-20266281', 'مفك بلاك 16', 'قطعة', 'مواد متنوعة', '0.00', '1000.00', '10.0', '3.0', NULL, '2026-03-08 10:15:30', '2026-03-08 10:15:30');
INSERT INTO `products` VALUES ('527', 'DIR-20261002', 'جلمبو دينقول اصفر', 'قطعة', 'مواد متنوعة', '0.00', '2000.00', '10.0', '4.0', NULL, '2026-03-08 10:15:30', '2026-03-08 10:15:30');
INSERT INTO `products` VALUES ('528', 'DIR-20263741', 'دباسة المنيوم', 'قطعة', 'مواد متنوعة', '0.00', '2500.00', '10.0', '1.0', NULL, '2026-03-08 10:15:30', '2026-03-08 10:15:30');
INSERT INTO `products` VALUES ('529', 'DIR-20260981', 'متر ابو 50 م اصفر', 'قطعة', 'مواد متنوعة', '0.00', '3000.00', '10.0', '2.0', NULL, '2026-03-08 10:15:30', '2026-03-08 10:15:30');
INSERT INTO `products` VALUES ('530', 'DIR-20260804', 'زرادية قطع اصفر 180', 'قطعة', 'مواد متنوعة', '0.00', '2000.00', '10.0', '1.0', NULL, '2026-03-08 10:15:30', '2026-03-08 10:15:30');
INSERT INTO `products` VALUES ('531', 'DIR-20262794', 'زرادية قطع احمر 200', 'قطعة', 'مواد متنوعة', '0.00', '1500.00', '10.0', '3.0', NULL, '2026-03-08 10:15:30', '2026-03-08 10:15:30');
INSERT INTO `products` VALUES ('532', 'DIR-20262004', 'زرادية كهرباء ازرق', 'قطعة', 'مواد متنوعة', '0.00', '1200.00', '10.0', '1.0', NULL, '2026-03-08 10:15:30', '2026-03-08 10:15:30');
INSERT INTO `products` VALUES ('533', 'DIR-20261686', 'بانة فك حنش 19', 'قطعة', 'مواد متنوعة', '0.00', '1000.00', '10.0', '8.0', NULL, '2026-03-08 10:15:30', '2026-03-08 10:15:30');
INSERT INTO `products` VALUES ('534', 'DIR-20265069', 'بانة فك حنش 17', 'قطعة', 'مواد متنوعة', '0.00', '1000.00', '10.0', '4.0', NULL, '2026-03-08 10:15:30', '2026-03-08 11:43:39');
INSERT INTO `products` VALUES ('535', 'DIR-20261917', 'بانة فك حنش 16', 'قطعة', 'مواد متنوعة', '0.00', '800.00', '10.0', '7.0', NULL, '2026-03-08 10:15:30', '2026-03-08 10:15:30');
INSERT INTO `products` VALUES ('536', 'DIR-20269681', 'بانة فك حنش 15-14', 'قطعة', 'مواد متنوعة', '0.00', '1000.00', '10.0', '8.0', NULL, '2026-03-08 10:15:30', '2026-03-08 10:15:30');
INSERT INTO `products` VALUES ('537', 'DIR-20268168', 'بانة فك حنش 14', 'قطعة', 'مواد متنوعة', '0.00', '800.00', '10.0', '3.0', NULL, '2026-03-08 10:15:30', '2026-03-08 10:15:30');
INSERT INTO `products` VALUES ('538', 'DIR-20264116', 'بانة فكة حنش 12', 'قطعة', 'مواد متنوعة', '0.00', '600.00', '10.0', '3.0', NULL, '2026-03-08 10:15:30', '2026-03-08 10:15:30');
INSERT INTO `products` VALUES ('539', 'DIR-20261852', 'بانة فكة حنش 9', 'قطعة', 'مواد متنوعة', '0.00', '500.00', '10.0', '9.0', NULL, '2026-03-08 10:15:30', '2026-03-08 10:15:30');
INSERT INTO `products` VALUES ('540', 'DIR-20265980', 'بانة فكة حنش 8', 'قطعة', 'مواد متنوعة', '0.00', '500.00', '10.0', '10.0', NULL, '2026-03-08 10:15:30', '2026-03-08 10:15:30');
INSERT INTO `products` VALUES ('541', 'DIR-20268036', 'بانة محبس 17', 'قطعة', 'قطعة', '0.00', '1500.00', '10.0', '3.0', NULL, '2026-03-08 10:35:42', '2026-03-08 10:35:42');
INSERT INTO `products` VALUES ('542', 'DIR-20261227', 'بانة 10 معطوف', 'قطعة', 'مواد متنوعة', '0.00', '500.00', '10.0', '9.0', NULL, '2026-03-08 10:35:42', '2026-03-08 10:35:42');
INSERT INTO `products` VALUES ('543', 'DIR-20266246', 'ريش دريل هلتي 14', 'قطعة', 'مواد متنوعة', '0.00', '900.00', '10.0', '9.0', NULL, '2026-03-08 10:35:42', '2026-03-08 10:35:42');
INSERT INTO `products` VALUES ('544', 'DIR-20261388', 'ريش دريل هلتي 12', 'قطعة', 'مواد متنوعة', '0.00', '800.00', '10.0', '8.0', NULL, '2026-03-08 10:35:42', '2026-03-08 10:35:42');
INSERT INTO `products` VALUES ('545', 'DIR-20263435', 'ريش دريل هلتي 10', 'قطعة', 'مواد متنوعة', '0.00', '800.00', '10.0', '6.0', NULL, '2026-03-08 10:35:42', '2026-03-08 10:35:42');
INSERT INTO `products` VALUES ('546', 'DIR-20262229', 'ريش دريل هلتي 8', 'قطعة', 'مواد متنوعة', '0.00', '700.00', '10.0', '6.0', NULL, '2026-03-08 10:35:42', '2026-03-08 10:35:42');
INSERT INTO `products` VALUES ('547', 'DIR-20266881', 'ريش دريل هلتي 7', 'قطعة', 'مواد متنوعة', '0.00', '600.00', '10.0', '5.0', NULL, '2026-03-08 10:35:42', '2026-03-08 10:35:42');
INSERT INTO `products` VALUES ('548', 'DIR-20261602', 'ريش دريل هلتي 6', 'قطعة', 'مواد متنوعة', '0.00', '500.00', '10.0', '4.0', NULL, '2026-03-08 10:35:42', '2026-03-08 10:35:42');
INSERT INTO `products` VALUES ('549', 'DIR-20263724', 'ريشهه دريل 5 ملي شدة', 'قطعة', 'مواد متنوعة', '0.00', '1000.00', '10.0', '2.0', NULL, '2026-03-08 10:35:42', '2026-03-08 10:35:42');
INSERT INTO `products` VALUES ('550', 'DIR-20263813', 'ريشه دريل حديد 5 ملي', 'قطعة', 'مواد متنوعة', '0.00', '300.00', '10.0', '17.0', NULL, '2026-03-08 10:35:42', '2026-03-08 10:35:42');
INSERT INTO `products` VALUES ('551', 'DIR-20262628', 'ريشه دريل حديد 4 ملي', 'قطعة', 'مواد متنوعة', '0.00', '250.00', '10.0', '15.0', NULL, '2026-03-08 10:35:42', '2026-03-08 10:35:42');
INSERT INTO `products` VALUES ('552', 'DIR-20260744', 'ريشه دريل حديد 3 ملي شدة', 'قطعة', 'مواد متنوعة', '0.00', '200.00', '10.0', '2.0', NULL, '2026-03-08 10:35:42', '2026-03-08 10:35:42');
INSERT INTO `products` VALUES ('553', 'DIR-20267537', 'ريشه دريل تخريم خشب', 'قطعة', 'مواد متنوعة', '0.00', '500.00', '10.0', '9.0', NULL, '2026-03-08 10:35:42', '2026-03-08 10:35:42');
INSERT INTO `products` VALUES ('554', 'DIR-20268808', 'ريشة شد دريل شحن اصفر', 'قطعة', 'مواد متنوعة', '0.00', '200.00', '10.0', '50.0', NULL, '2026-03-08 10:35:42', '2026-03-08 10:35:42');
INSERT INTO `products` VALUES ('555', 'DIR-20266970', 'ريشة شد دريل شحن ازرق', 'قطعة', 'مواد متنوعة', '0.00', '200.00', '10.0', '22.0', NULL, '2026-03-08 10:35:42', '2026-03-08 10:35:42');
INSERT INTO `products` VALUES ('556', 'DIR-20262192', 'ريش شد هناجر', 'قطعة', 'مواد متنوعة', '0.00', '200.00', '10.0', '18.0', NULL, '2026-03-08 10:35:42', '2026-03-08 10:35:42');
INSERT INTO `products` VALUES ('557', 'DIR-20264973', 'ريشة منشار خشب اصلي', 'قطعة', 'مواد متنوعة', '0.00', '200.00', '10.0', '10.0', NULL, '2026-03-08 10:35:42', '2026-03-08 10:35:42');
INSERT INTO `products` VALUES ('558', 'DIR-20262720', 'النكي كبير شدة', 'قطعة', 'مواد متنوعة', '0.00', '1500.00', '10.0', '3.0', NULL, '2026-03-08 10:35:42', '2026-03-08 10:35:42');
INSERT INTO `products` VALUES ('559', 'DIR-20261533', 'النكي صغير شدة', 'قطعة', 'مواد متنوعة', '0.00', '800.00', '10.0', '2.0', NULL, '2026-03-08 10:35:42', '2026-03-09 08:04:33');
INSERT INTO `products` VALUES ('560', 'DIR-20268748', 'ريشة جلخ خشب 5 ملي', 'قطعة', 'مواد متنوعة', '0.00', '800.00', '10.0', '5.0', NULL, '2026-03-08 10:35:42', '2026-03-08 10:35:42');
INSERT INTO `products` VALUES ('561', 'DIR-20265385', 'ريشة جلخ جلخ خشب 7 ملي', 'قطعة', 'مواد متنوعة', '0.00', '1000.00', '10.0', '7.0', NULL, '2026-03-08 10:35:42', '2026-03-08 10:35:42');
INSERT INTO `products` VALUES ('562', 'DIR-20263337', 'ريشة جلخ ماس 5 ملي اصفر ABC', 'قطعة', 'مواد متنوعة', '0.00', '1300.00', '10.0', '6.0', NULL, '2026-03-08 10:35:42', '2026-03-08 10:35:42');
INSERT INTO `products` VALUES ('563', 'DIR-20265372', 'ريشة جلخ ماس 7 ملي اصفر ABC', 'قطعة', 'مواد متنوعة', '0.00', '3000.00', '10.0', '5.0', NULL, '2026-03-08 10:35:42', '2026-03-08 10:35:42');
INSERT INTO `products` VALUES ('564', 'DIR-20262696', 'ريشة جلخ ماس 7 ملي رصاصي الصادق', 'قطعة', 'مواد متنوعة', '0.00', '2500.00', '10.0', '7.0', NULL, '2026-03-08 10:35:42', '2026-03-08 10:35:42');
INSERT INTO `products` VALUES ('565', 'DIR-20268392', 'ريشة جلخ ماس 5 ملي رصاصي الصادق', 'قطعة', 'مواد متنوعة', '0.00', '1500.00', '10.0', '5.0', NULL, '2026-03-08 10:35:42', '2026-03-08 10:35:42');
INSERT INTO `products` VALUES ('566', 'DIR-20263479', 'ريشة جلخ حديد 5 ملي', 'قطعة', 'مواد متنوعة', '0.00', '300.00', '10.0', '39.0', NULL, '2026-03-08 10:35:42', '2026-03-08 10:35:42');
INSERT INTO `products` VALUES ('567', 'DIR-20267074', 'ريشة جلخ حديد 7 ملي', 'قطعة', 'مواد متنوعة', '0.00', '500.00', '10.0', '16.0', NULL, '2026-03-08 10:35:42', '2026-03-08 10:35:42');
INSERT INTO `products` VALUES ('568', 'DIR-20266163', 'ريشة جلخ حجر 5 ملي', 'قطعة', 'مواد متنوعة', '0.00', '500.00', '10.0', '4.0', NULL, '2026-03-08 10:35:42', '2026-03-08 10:35:42');
INSERT INTO `products` VALUES ('569', 'DIR-20269729', 'ريشة جلخ حجر 7 ملي', 'قطعة', 'مواد متنوعة', '0.00', '600.00', '10.0', '5.0', NULL, '2026-03-08 10:35:42', '2026-03-08 10:35:42');
INSERT INTO `products` VALUES ('570', 'DIR-20266583', 'ريشة جلخ حجر 9 ملي', 'قطعة', 'مواد متنوعة', '0.00', '800.00', '10.0', '22.0', NULL, '2026-03-08 10:35:42', '2026-03-08 10:35:42');
INSERT INTO `products` VALUES ('571', 'DIR-20266350', 'ريشة جلخ صنفرة خشب 7 ملي', 'قطعة', 'مواد متنوعة', '0.00', '500.00', '10.0', '17.0', NULL, '2026-03-08 10:35:42', '2026-03-08 10:35:42');
INSERT INTO `products` VALUES ('572', 'DIR-20265674', 'ريشة جلخ صنفرة خشب 5 ملي', 'قطعة', 'مواد متنوعة', '0.00', '400.00', '10.0', '20.0', NULL, '2026-03-08 10:35:42', '2026-03-08 10:35:42');
INSERT INTO `products` VALUES ('573', 'DIR-20262840', 'غطاس ماء 12 فولت GSM', 'قطعة', 'قطعة', '0.00', '16000.00', '10.0', '1.0', NULL, '2026-03-08 10:40:24', '2026-03-08 10:40:24');
INSERT INTO `products` VALUES ('574', 'DIR-20264626', 'فيوزات سيارة كبير', 'قطعة', 'مواد متنوعة', '0.00', '100.00', '10.0', '15.0', NULL, '2026-03-08 10:40:24', '2026-03-08 10:40:24');
INSERT INTO `products` VALUES ('575', 'DIR-20268528', 'فيوزات سيارة صغير', 'قطعة', 'مواد متنوعة', '0.00', '100.00', '10.0', '15.0', NULL, '2026-03-08 10:40:24', '2026-03-08 10:40:24');
INSERT INTO `products` VALUES ('576', 'DIR-20263007', 'مفتاح جلخ', 'قطعة', 'مواد متنوعة', '0.00', '300.00', '10.0', '9.0', NULL, '2026-03-08 10:40:24', '2026-03-08 10:40:24');
INSERT INTO `products` VALUES ('577', 'DIR-20260493', 'علبة حديد ابو 1 خط', 'قطعة', 'مواد متنوعة', '0.00', '250.00', '10.0', '130.0', NULL, '2026-03-08 10:40:24', '2026-03-14 08:54:12');
INSERT INTO `products` VALUES ('578', 'DIR-20261093', 'علبة حديد ابو 2 خط', 'قطعة', 'مواد متنوعة', '0.00', '350.00', '10.0', '90.0', NULL, '2026-03-08 10:40:24', '2026-03-14 08:54:12');
INSERT INTO `products` VALUES ('579', 'DIR-20266139', 'علبة حديد ابو 3 خط', 'قطعة', 'مواد متنوعة', '0.00', '450.00', '10.0', '34.0', NULL, '2026-03-08 10:40:24', '2026-03-14 08:54:12');
INSERT INTO `products` VALUES ('580', 'DIR-20260692', 'علبة بلستيك ابو 1 خ', 'قطعة', 'مواد متنوعة', '0.00', '150.00', '10.0', '67.0', NULL, '2026-03-08 10:40:24', '2026-03-08 10:41:10');
INSERT INTO `products` VALUES ('581', 'DIR-20267626', 'قاعدة لمبات مفرد كرستال ذهبي', 'قطعة', 'قطعة', '0.00', '500.00', '10.0', '93.0', NULL, '2026-03-08 10:48:34', '2026-03-08 10:48:34');
INSERT INTO `products` VALUES ('582', 'DIR-20265816', 'قاعدة لمبات مزدوج طويل ذهبي', 'قطعة', 'مواد متنوعة', '0.00', '1300.00', '10.0', '25.0', NULL, '2026-03-08 10:48:34', '2026-03-08 10:48:34');
INSERT INTO `products` VALUES ('583', 'DIR-20262960', 'قاعدة لمبات مزدوج طويل فضي', 'قطعة', 'مواد متنوعة', '0.00', '1300.00', '10.0', '40.0', NULL, '2026-03-08 10:48:34', '2026-03-08 10:48:34');
INSERT INTO `products` VALUES ('584', 'DIR-20260758', 'قاعة لمبات مفرد فضي', 'قطعة', 'مواد متنوعة', '0.00', '500.00', '10.0', '202.0', NULL, '2026-03-08 10:48:34', '2026-03-08 10:48:34');
INSERT INTO `products` VALUES ('585', 'DIR-20266968', 'قاعدة لمبات مفرد ذهبي', 'قطعة', 'مواد متنوعة', '0.00', '500.00', '10.0', '25.0', NULL, '2026-03-08 10:48:34', '2026-03-08 10:48:34');
INSERT INTO `products` VALUES ('586', 'DIR-20268351', 'مكرة سحب احمر ابو بيرنج', 'قطعة', 'مواد متنوعة', '0.00', '2500.00', '10.0', '15.0', NULL, '2026-03-08 10:48:34', '2026-03-08 10:48:34');
INSERT INTO `products` VALUES ('587', 'DIR-20265469', 'مركة سحب اسود صغير', 'قطعة', 'مواد متنوعة', '0.00', '1800.00', '10.0', '5.0', NULL, '2026-03-08 10:48:34', '2026-03-08 10:48:34');
INSERT INTO `products` VALUES ('588', 'DIR-20263335', 'مكرة سحب اسود كبير', 'قطعة', 'مواد متنوعة', '0.00', '2000.00', '10.0', '4.0', NULL, '2026-03-08 10:48:34', '2026-03-08 10:48:34');
INSERT INTO `products` VALUES ('589', 'DIR-20267143', 'جزمات صبة اسود', 'قطعة', 'مواد متنوعة', '0.00', '1800.00', '10.0', '10.0', NULL, '2026-03-08 10:48:34', '2026-03-08 10:48:34');
INSERT INTO `products` VALUES ('590', 'DIR-20265071', 'جزمات صبة ابو جمل ازرق', 'قطعة', 'مواد متنوعة', '0.00', '2000.00', '10.0', '7.0', NULL, '2026-03-08 10:48:34', '2026-03-08 10:48:34');
INSERT INTO `products` VALUES ('591', 'DIR-20269892', 'جزمات صبة ابو جمل احمر', 'قطعة', 'مواد متنوعة', '0.00', '2000.00', '10.0', '7.0', NULL, '2026-03-08 10:48:34', '2026-03-08 10:48:34');
INSERT INTO `products` VALUES ('592', 'DIR-20268916', 'مجرفة ابو ديك حديد', 'قطعة', 'مواد متنوعة', '0.00', '2000.00', '10.0', '19.0', NULL, '2026-03-08 10:48:34', '2026-03-08 10:48:34');
INSERT INTO `products` VALUES ('593', 'DIR-20269158', 'نفاخة هواء', 'قطعة', 'مواد متنوعة', '0.00', '8000.00', '10.0', '1.0', NULL, '2026-03-08 10:48:34', '2026-03-08 10:48:34');
INSERT INTO `products` VALUES ('594', 'DIR-20267141', 'مبريد حديد 125 ملي', 'قطعة', 'مواد متنوعة', '0.00', '200.00', '10.0', '12.0', NULL, '2026-03-08 10:48:34', '2026-03-08 10:48:34');
INSERT INTO `products` VALUES ('595', 'DIR-20263629', 'منشار بلستيك برتقالي', 'قطعة', 'مواد متنوعة', '0.00', '600.00', '10.0', '33.0', NULL, '2026-03-08 10:48:34', '2026-03-08 10:48:34');
INSERT INTO `products` VALUES ('596', 'DIR-20266367', 'منشار صغير يد خشب', 'قطعة', 'مواد متنوعة', '0.00', '500.00', '10.0', '8.0', NULL, '2026-03-08 10:48:34', '2026-03-09 08:23:57');
INSERT INTO `products` VALUES ('597', 'DIR-20265675', 'معجون تشققات ابيض ناعم', 'كيلو', 'مواد متنوعة', '0.00', '2000.00', '10.0', '3.0', NULL, '2026-03-08 10:48:34', '2026-03-08 10:48:34');
INSERT INTO `products` VALUES ('598', 'DIR-20263439', 'معجون تشققات اسود خشن', 'قطعة', 'مواد متنوعة', '0.00', '2000.00', '10.0', '4.0', NULL, '2026-03-08 10:48:34', '2026-03-08 10:48:34');
INSERT INTO `products` VALUES ('599', 'DIR-20263673', 'زوايا اومنيوم 5*4', 'قطعة', 'قطعة', '0.00', '200.00', '10.0', '18.0', NULL, '2026-03-08 11:05:50', '2026-03-08 11:05:50');
INSERT INTO `products` VALUES ('600', 'DIR-20265997', 'زوايا اومنيوم 5*6', 'قطعة', 'مواد متنوعة', '0.00', '200.00', '10.0', '17.0', NULL, '2026-03-08 11:05:50', '2026-03-08 11:05:50');
INSERT INTO `products` VALUES ('601', 'DIR-20262319', 'زوايا اومنيوم 6*8', 'قطعة', 'مواد متنوعة', '0.00', '300.00', '10.0', '24.0', NULL, '2026-03-08 11:05:50', '2026-03-08 11:05:50');
INSERT INTO `products` VALUES ('602', 'DIR-20269437', 'زوايا اومنيوم 8*10', 'قطعة', 'مواد متنوعة', '0.00', '300.00', '10.0', '24.0', NULL, '2026-03-08 11:05:50', '2026-03-08 11:05:50');
INSERT INTO `products` VALUES ('603', 'DIR-20268132', 'زوايا اومنيوم 10*12', 'قطعة', 'مواد متنوعة', '0.00', '400.00', '10.0', '24.0', NULL, '2026-03-08 11:05:50', '2026-03-08 11:05:50');
INSERT INTO `products` VALUES ('604', 'DIR-20262760', 'زوايا اومنيوم 12*14', 'قطعة', 'مواد متنوعة', '0.00', '400.00', '10.0', '18.0', NULL, '2026-03-08 11:05:50', '2026-03-08 11:05:50');
INSERT INTO `products` VALUES ('605', 'DIR-20260196', 'لي سخان كهرباء', 'قطعة', 'مواد متنوعة', '0.00', '600.00', '10.0', '6.0', NULL, '2026-03-08 11:05:50', '2026-03-08 11:05:50');
INSERT INTO `products` VALUES ('606', 'DIR-20268514', 'لي مغسلة هراب', 'قطعة', 'مواد متنوعة', '0.00', '500.00', '10.0', '9.0', NULL, '2026-03-08 11:05:50', '2026-03-08 11:05:50');
INSERT INTO `products` VALUES ('607', 'DIR-20262799', 'لي مغسلة هراب مشترك', 'قطعة', 'مواد متنوعة', '0.00', '600.00', '10.0', '4.0', NULL, '2026-03-08 11:05:50', '2026-03-08 11:05:50');
INSERT INTO `products` VALUES ('608', 'DIR-20263064', 'زوج كفوف وردي طويل', 'قطعة', 'مواد متنوعة', '0.00', '500.00', '10.0', '31.0', NULL, '2026-03-08 11:05:50', '2026-03-08 11:05:50');
INSERT INTO `products` VALUES ('609', 'DIR-20264976', 'زوج كفوف اصفر قصير', 'قطعة', 'مواد متنوعة', '0.00', '500.00', '10.0', '35.0', NULL, '2026-03-08 11:05:50', '2026-03-08 11:05:50');
INSERT INTO `products` VALUES ('610', 'DIR-20268588', 'زوج كفوف اسود ابو شمس', 'قطعة', 'مواد متنوعة', '0.00', '500.00', '10.0', '6.0', NULL, '2026-03-08 11:05:50', '2026-03-08 11:05:50');
INSERT INTO `products` VALUES ('611', 'DIR-20269145', 'زوج كفوف اخضر', 'قطعة', 'مواد متنوعة', '0.00', '500.00', '10.0', '7.0', NULL, '2026-03-08 11:05:50', '2026-03-15 10:50:17');
INSERT INTO `products` VALUES ('612', 'DIR-20267867', 'زوج كفوف جلد احمر', 'قطعة', 'مواد متنوعة', '0.00', '1200.00', '10.0', '21.0', NULL, '2026-03-08 11:05:50', '2026-03-08 11:05:50');
INSERT INTO `products` VALUES ('613', 'DIR-20260329', 'مكنسة ناعم', 'قطعة', 'مواد متنوعة', '0.00', '1000.00', '10.0', '11.0', NULL, '2026-03-08 11:05:50', '2026-03-09 08:34:37');
INSERT INTO `products` VALUES ('614', 'DIR-20266371', 'مكنسة شوارع خشن', 'قطعة', 'مواد متنوعة', '0.00', '1200.00', '10.0', '2.0', NULL, '2026-03-08 11:05:50', '2026-03-08 11:05:50');
INSERT INTO `products` VALUES ('615', 'DIR-20262592', 'مساحة بلاط مع المكنسة', 'قطعة', 'مواد متنوعة', '0.00', '1000.00', '10.0', '5.0', NULL, '2026-03-08 11:05:50', '2026-03-08 11:05:50');
INSERT INTO `products` VALUES ('616', 'DIR-20269091', 'مساحة بلاط طويل', 'قطعة', 'مواد متنوعة', '0.00', '1200.00', '10.0', '4.0', NULL, '2026-03-08 11:05:50', '2026-03-08 11:05:50');
INSERT INTO `products` VALUES ('617', 'DIR-20268466', 'طاسة دش ميلانو مع الي', 'قطعة', 'مواد متنوعة', '0.00', '2000.00', '10.0', '8.0', NULL, '2026-03-08 11:05:50', '2026-03-08 11:05:50');
INSERT INTO `products` VALUES ('618', 'DIR-20263587', 'لي شقلة', 'قطعة', 'مواد متنوعة', '0.00', '1500.00', '10.0', '8.0', NULL, '2026-03-08 11:05:50', '2026-03-08 11:05:50');
INSERT INTO `products` VALUES ('619', 'DIR-20262574', 'كفوف ربل طويل احمر و ازرق', 'قطعة', 'مواد متنوعة', '0.00', '600.00', '10.0', '7.0', NULL, '2026-03-08 11:05:50', '2026-03-13 01:05:23');
INSERT INTO `products` VALUES ('620', 'DIR-20263677', 'زوج كفوف قماش احمر', 'قطعة', 'مواد متنوعة', '0.00', '300.00', '10.0', '12.0', NULL, '2026-03-08 11:05:50', '2026-03-08 11:05:50');
INSERT INTO `products` VALUES ('621', 'DIR-20261318', 'زوج كفوف قماش برتقالي', 'قطعة', 'مواد متنوعة', '0.00', '400.00', '10.0', '18.0', NULL, '2026-03-08 11:05:50', '2026-03-08 11:05:50');
INSERT INTO `products` VALUES ('622', 'DIR-20266118', 'زوج كفوف قماش بني', 'قطعة', 'مواد متنوعة', '0.00', '400.00', '10.0', '13.0', NULL, '2026-03-08 11:05:50', '2026-03-08 11:05:50');
INSERT INTO `products` VALUES ('623', 'DIR-20260149', 'معليق ذهبي صغير ابو 4 جافي', 'قطعة', 'مواد متنوعة', '0.00', '1200.00', '10.0', '17.0', NULL, '2026-03-08 11:05:50', '2026-03-08 11:05:50');
INSERT INTO `products` VALUES ('624', 'DIR-20267433', 'معليق ذهبي كبير ابو 5', 'قطعة', 'مواد متنوعة', '0.00', '1000.00', '10.0', '7.0', NULL, '2026-03-08 11:05:50', '2026-03-08 11:05:50');
INSERT INTO `products` VALUES ('625', 'DIR-20268002', 'معاليق ذهبي صغير ابو 4', 'قطعة', 'مواد متنوعة', '0.00', '800.00', '10.0', '5.0', NULL, '2026-03-08 11:05:50', '2026-03-08 11:05:50');
INSERT INTO `products` VALUES ('626', 'DIR-20267246', 'تيوب عربية', 'قطعة', 'مواد متنوعة', '0.00', '1000.00', '10.0', '14.0', NULL, '2026-03-08 11:05:50', '2026-03-08 11:05:50');
INSERT INTO `products` VALUES ('627', 'DIR-20269757', 'اشتراك سيارة', 'قطعة', 'مواد متنوعة', '0.00', '1000.00', '10.0', '3.0', NULL, '2026-03-08 11:05:50', '2026-03-08 11:05:50');
INSERT INTO `products` VALUES ('628', 'DIR-20269559', 'محابس 1,5 هنش زراعي تريت ابيض', 'قطعة', 'مواد متنوعة', '0.00', '2000.00', '10.0', '5.0', NULL, '2026-03-08 11:05:50', '2026-03-08 11:05:50');
INSERT INTO `products` VALUES ('629', 'DIR-20266714', 'محبس 2 هنش زراعي تريت ابيض', 'قطعة', 'مواد متنوعة', '0.00', '2500.00', '10.0', '2.0', NULL, '2026-03-08 11:05:50', '2026-03-08 11:05:50');
INSERT INTO `products` VALUES ('630', 'DIR-20264935', 'محبس ابو 2.5 هنش زراعي تريت ابيض', 'قطعة', 'مواد متنوعة', '0.00', '3500.00', '10.0', '4.0', NULL, '2026-03-08 11:05:50', '2026-03-08 11:05:50');
INSERT INTO `products` VALUES ('631', 'DIR-20269683', 'سكينة معجون مقاس 4', 'قطعة', 'مواد متنوعة', '0.00', '400.00', '10.0', '16.0', NULL, '2026-03-08 11:05:50', '2026-03-08 11:05:50');
INSERT INTO `products` VALUES ('632', 'DIR-20260034', 'سكينة معجون مقاس 5', 'قطعة', 'مواد متنوعة', '0.00', '600.00', '10.0', '18.0', NULL, '2026-03-08 11:05:50', '2026-03-08 11:05:50');
INSERT INTO `products` VALUES ('633', 'DIR-20269944', 'سكينة معجون مقاس 6', 'قطعة', 'مواد متنوعة', '0.00', '800.00', '10.0', '15.0', NULL, '2026-03-08 11:05:50', '2026-03-08 11:05:50');
INSERT INTO `products` VALUES ('634', 'DIR-20265947', 'سكينة معجون مقاس 6 يد خشب', 'قطعة', 'مواد متنوعة', '0.00', '600.00', '10.0', '4.0', NULL, '2026-03-08 11:05:50', '2026-03-08 11:05:50');
INSERT INTO `products` VALUES ('635', 'DIR-20263815', 'فرشة رنج مقاس 1 هنش', 'قطعة', 'مواد متنوعة', '0.00', '200.00', '10.0', '5.0', NULL, '2026-03-08 11:05:50', '2026-03-08 11:05:50');
INSERT INTO `products` VALUES ('636', 'DIR-20267180', 'فرشة رنج مقاس 2 هنش', 'قطعة', 'مواد متنوعة', '0.00', '300.00', '10.0', '9.0', NULL, '2026-03-08 11:05:50', '2026-03-08 11:05:50');
INSERT INTO `products` VALUES ('637', 'DIR-20266600', 'فرشة رنج مقاس 3 هنش', 'قطعة', 'مواد متنوعة', '0.00', '500.00', '10.0', '14.0', NULL, '2026-03-08 11:05:50', '2026-03-08 11:05:50');
INSERT INTO `products` VALUES ('638', 'DIR-20264194', 'فرشة رنج مقاس 4 هنش', 'قطعة', 'مواد متنوعة', '0.00', '800.00', '10.0', '9.0', NULL, '2026-03-08 11:05:50', '2026-03-08 11:05:50');
INSERT INTO `products` VALUES ('639', 'DIR-20262141', 'شداد اصفر', 'قطعة', 'مواد متنوعة', '0.00', '3500.00', '10.0', '4.0', NULL, '2026-03-08 11:05:50', '2026-03-08 11:05:50');
INSERT INTO `products` VALUES ('640', 'DIR-20267731', 'جزمة سوفتي اصفر', 'قطعة', 'قطعة', '0.00', '3500.00', '10.0', '3.0', NULL, '2026-03-08 11:16:16', '2026-03-08 11:16:16');
INSERT INTO `products` VALUES ('641', 'DIR-20260007', 'جزمة سوفتي برتقالي اصلي', 'قطعة', 'مواد متنوعة', '0.00', '8500.00', '10.0', '1.0', NULL, '2026-03-08 11:16:16', '2026-03-08 11:16:16');
INSERT INTO `products` VALUES ('642', 'DIR-20269470', 'سكينة كهرباء 32 امبير', 'قطعة', 'مواد متنوعة', '0.00', '1500.00', '10.0', '5.0', NULL, '2026-03-08 11:16:16', '2026-03-08 11:16:16');
INSERT INTO `products` VALUES ('643', 'DIR-20264292', 'سكينة كهرباء 63 امبير', 'قطعة', 'مواد متنوعة', '0.00', '2000.00', '10.0', '5.0', NULL, '2026-03-08 11:16:16', '2026-03-08 11:16:16');
INSERT INTO `products` VALUES ('644', 'DIR-20264071', 'سكينة كهرباء 100 امبير', 'قطعة', 'مواد متنوعة', '0.00', '3000.00', '10.0', '3.0', NULL, '2026-03-08 11:16:16', '2026-03-08 11:16:16');
INSERT INTO `products` VALUES ('645', 'DIR-20260166', 'متر اصفر شفاف 7.5 م', 'قطعة', 'مواد متنوعة', '0.00', '1200.00', '10.0', '8.0', NULL, '2026-03-08 11:16:16', '2026-03-08 11:16:16');
INSERT INTO `products` VALUES ('646', 'DIR-20265172', 'متر اصفر شفاف 5 م', 'قطعة', 'مواد متنوعة', '0.00', '800.00', '10.0', '15.0', NULL, '2026-03-08 11:16:16', '2026-03-08 11:16:16');
INSERT INTO `products` VALUES ('647', 'DIR-20261445', 'متر اصفر شفاف 3 م', 'قطعة', 'مواد متنوعة', '0.00', '500.00', '10.0', '6.0', NULL, '2026-03-08 11:16:16', '2026-03-08 11:16:16');
INSERT INTO `products` VALUES ('648', 'DIR-20267568', 'متر برتقالي 5 م', 'قطعة', 'مواد متنوعة', '0.00', '700.00', '10.0', '6.0', NULL, '2026-03-08 11:16:16', '2026-03-08 11:16:16');
INSERT INTO `products` VALUES ('649', 'DIR-20268651', 'متر برتقالي 5 م اصلي', 'قطعة', 'مواد متنوعة', '0.00', '1000.00', '10.0', '2.0', NULL, '2026-03-08 11:16:16', '2026-03-08 11:16:16');
INSERT INTO `products` VALUES ('650', 'DIR-20269996', 'لصقة تيب', 'قطعة', 'مواد متنوعة', '0.00', '200.00', '10.0', '104.0', NULL, '2026-03-08 11:16:16', '2026-03-15 11:20:43');
INSERT INTO `products` VALUES ('651', 'DIR-20266420', 'مكرة رنج يد حديد يد جافي', 'قطعة', 'مواد متنوعة', '0.00', '1500.00', '10.0', '9.0', NULL, '2026-03-08 11:16:16', '2026-03-08 11:16:16');
INSERT INTO `products` VALUES ('652', 'DIR-20263226', 'مكرة  كبير رنج يد بلستيك ', 'قطعة', 'مواد متنوعة', '0.00', '1000.00', '10.0', '8.0', NULL, '2026-03-08 11:16:16', '2026-03-11 06:00:39');
INSERT INTO `products` VALUES ('653', 'DIR-20268508', 'مكرة رنج وسط', 'قطعة', 'مواد متنوعة', '0.00', '500.00', '10.0', '11.0', NULL, '2026-03-08 11:16:16', '2026-03-08 11:16:16');
INSERT INTO `products` VALUES ('654', 'DIR-20261624', 'مكرة رنج صغير', 'قطعة', 'مواد متنوعة', '0.00', '300.00', '10.0', '5.0', NULL, '2026-03-08 11:16:16', '2026-03-15 10:50:17');
INSERT INTO `products` VALUES ('655', 'DIR-20265201', 'قطع غيار ذيل الفار', 'قطعة', 'مواد متنوعة', '0.00', '100.00', '10.0', '11.0', NULL, '2026-03-08 11:16:16', '2026-03-08 11:16:16');
INSERT INTO `products` VALUES ('656', 'DIR-20269259', 'موب بلاط', 'قطعة', 'مواد متنوعة', '0.00', '800.00', '10.0', '8.0', NULL, '2026-03-08 11:16:16', '2026-03-08 11:16:16');
INSERT INTO `products` VALUES ('657', 'DIR-20265109', 'رداد كرسي بلستيك', 'قطعة', 'مواد متنوعة', '0.00', '500.00', '10.0', '12.0', NULL, '2026-03-08 11:16:16', '2026-03-08 11:16:16');
INSERT INTO `products` VALUES ('658', 'DIR-20269858', 'بروة تخشينة بلستيك', 'قطعة', 'مواد متنوعة', '0.00', '500.00', '10.0', '42.0', NULL, '2026-03-08 11:16:16', '2026-03-08 11:16:16');
INSERT INTO `products` VALUES ('659', 'DIR-20269514', 'محبس هواء طويل', 'قطعة', 'قطعة', '0.00', '2000.00', '10.0', '4.0', NULL, '2026-03-08 11:30:07', '2026-03-08 11:30:07');
INSERT INTO `products` VALUES ('660', 'DIR-20261908', 'قاعدة لمبات مدور فضي', 'قطعة', 'مواد متنوعة', '0.00', '1200.00', '10.0', '7.0', NULL, '2026-03-08 11:30:07', '2026-03-08 11:30:07');
INSERT INTO `products` VALUES ('661', 'DIR-20265765', 'قاعدة لمبات مدور ذهبي', 'قطعة', 'مواد متنوعة', '0.00', '1200.00', '10.0', '6.0', NULL, '2026-03-08 11:30:07', '2026-03-08 11:30:07');
INSERT INTO `products` VALUES ('662', 'DIR-20266433', 'قاعدة لمبات سهاري فضي', 'قطعة', 'مواد متنوعة', '0.00', '900.00', '10.0', '26.0', NULL, '2026-03-08 11:30:07', '2026-03-08 11:30:07');
INSERT INTO `products` VALUES ('663', 'DIR-20269665', 'قاعدة لمبات سهاري ذهبي', 'قطعة', 'مواد متنوعة', '0.00', '900.00', '10.0', '5.0', NULL, '2026-03-08 11:30:07', '2026-03-08 11:30:07');
INSERT INTO `products` VALUES ('664', 'DIR-20267455', 'جيبات نجارة جلد', 'قطعة', 'مواد متنوعة', '0.00', '2500.00', '10.0', '3.0', NULL, '2026-03-08 11:30:07', '2026-03-08 11:30:07');
INSERT INTO `products` VALUES ('665', 'DIR-20266899', 'جيبات نجارة قماش', 'قطعة', 'مواد متنوعة', '0.00', '2000.00', '10.0', '6.0', NULL, '2026-03-08 11:30:07', '2026-03-08 11:30:07');
INSERT INTO `products` VALUES ('666', 'DIR-20261268', 'حبال سقالة', 'قطعة', 'مواد متنوعة', '0.00', '1500.00', '10.0', '12.0', NULL, '2026-03-08 11:30:07', '2026-03-08 11:30:07');
INSERT INTO `products` VALUES ('667', 'DIR-20263494', 'دبة تينار 1.25 لتر المهندسِ', 'قطعة', 'مواد متنوعة', '0.00', '1300.00', '10.0', '28.0', NULL, '2026-03-08 11:30:07', '2026-03-08 11:30:07');
INSERT INTO `products` VALUES ('668', 'DIR-20261544', 'دبة تينار 2 لتر المهندسِ', 'قطعة', 'مواد متنوعة', '0.00', '2000.00', '10.0', '1.0', NULL, '2026-03-08 11:30:07', '2026-03-08 11:30:07');
INSERT INTO `products` VALUES ('669', 'DIR-20265142', 'ملعقة بناء صغير ابو خيل 16 ملي', 'قطعة', 'مواد متنوعة', '0.00', '500.00', '10.0', '10.0', NULL, '2026-03-08 11:30:07', '2026-03-08 11:30:07');
INSERT INTO `products` VALUES ('670', 'DIR-20262796', 'ملعقة بناء صغير ابو خيل 18 ملي', 'قطعة', 'مواد متنوعة', '0.00', '600.00', '10.0', '2.0', NULL, '2026-03-08 11:30:07', '2026-03-08 11:30:07');
INSERT INTO `products` VALUES ('671', 'DIR-20264328', 'ملعقة بناء صغير اصلي 16 ملي', 'قطعة', 'مواد متنوعة', '0.00', '1500.00', '10.0', '1.0', NULL, '2026-03-08 11:30:07', '2026-03-08 11:30:07');
INSERT INTO `products` VALUES ('672', 'DIR-20269080', 'خيط بناء فتلة', 'قطعة', 'مواد متنوعة', '0.00', '200.00', '10.0', '42.0', NULL, '2026-03-08 11:30:07', '2026-03-08 11:30:07');
INSERT INTO `products` VALUES ('673', 'DIR-20260818', 'خيط بناء ملون', 'قطعة', 'مواد متنوعة', '0.00', '200.00', '10.0', '213.0', NULL, '2026-03-08 11:30:07', '2026-03-09 08:29:33');
INSERT INTO `products` VALUES ('674', 'DIR-20268405', 'خيط وتر احمر', 'قطعة', 'مواد متنوعة', '0.00', '400.00', '10.0', '43.0', NULL, '2026-03-08 11:30:07', '2026-03-08 11:30:07');
INSERT INTO `products` VALUES ('675', 'DIR-20267599', 'مفصلات ابواب دواليب', 'قطعة', 'مواد متنوعة', '0.00', '200.00', '10.0', '138.0', NULL, '2026-03-08 11:30:07', '2026-03-08 11:30:07');
INSERT INTO `products` VALUES ('676', 'DIR-20264455', 'شريم جبيل صغير', 'قطعة', 'مواد متنوعة', '0.00', '500.00', '10.0', '6.0', NULL, '2026-03-08 11:30:07', '2026-03-08 11:30:07');
INSERT INTO `products` VALUES ('677', 'DIR-20262359', 'شريم جبلي كبير', 'قطعة', 'مواد متنوعة', '0.00', '500.00', '10.0', '11.0', NULL, '2026-03-08 11:30:07', '2026-03-08 11:30:07');
INSERT INTO `products` VALUES ('678', 'DIR-20265333', 'قسام 30*25 اصباني', 'قطعة', 'قطعة', '0.00', '1200.00', '10.0', '8.0', NULL, '2026-03-08 11:32:22', '2026-03-14 08:54:12');
INSERT INTO `products` VALUES ('679', 'DIR-20269128', 'قسام 20*25 احمر', 'قطعة', 'مواد متنوعة', '0.00', '300.00', '10.0', '48.0', NULL, '2026-03-08 11:32:22', '2026-03-08 11:32:22');
INSERT INTO `products` VALUES ('680', 'DIR-20262693', 'قسام 20*15 اسود', 'قطعة', 'مواد متنوعة', '0.00', '200.00', '10.0', '20.0', NULL, '2026-03-08 11:32:22', '2026-03-08 11:32:22');
INSERT INTO `products` VALUES ('681', 'DIR-20265659', 'قسام 15*10 اسود', 'قطعة', 'مواد متنوعة', '0.00', '150.00', '10.0', '87.0', NULL, '2026-03-08 11:32:22', '2026-03-14 08:54:12');
INSERT INTO `products` VALUES ('682', 'DIR-20266283', 'قسام 10*10', 'قطعة', 'مواد متنوعة', '0.00', '100.00', '10.0', '86.0', NULL, '2026-03-08 11:32:22', '2026-03-14 08:54:12');
INSERT INTO `products` VALUES ('683', 'DIR-20267261', 'جلبة سن خارجي 1.5 هنش', 'قطعة', 'قطعة', '0.00', '400.00', '10.0', '5.0', NULL, '2026-03-08 11:37:37', '2026-03-08 11:37:37');
INSERT INTO `products` VALUES ('684', 'DIR-20268932', 'جلبة سن خارجي 2 هنش', 'قطعة', 'مواد متنوعة', '0.00', '500.00', '10.0', '1.0', NULL, '2026-03-08 11:37:37', '2026-03-08 11:37:37');
INSERT INTO `products` VALUES ('685', 'DIR-20269621', 'جلبة سن خارجي 2.5 هنش', 'قطعة', 'مواد متنوعة', '0.00', '600.00', '10.0', '5.0', NULL, '2026-03-08 11:37:37', '2026-03-08 11:37:37');
INSERT INTO `products` VALUES ('686', 'DIR-20269281', 'جلبة سن خارجي 4 هنش', 'قطعة', 'مواد متنوعة', '0.00', '1200.00', '10.0', '4.0', NULL, '2026-03-08 11:37:37', '2026-03-08 11:37:37');
INSERT INTO `products` VALUES ('687', 'DIR-20261631', 'نقاص بلستيك 4*1.5 هنش', 'قطعة', 'مواد متنوعة', '0.00', '900.00', '10.0', '10.0', NULL, '2026-03-08 11:37:37', '2026-03-08 11:37:37');
INSERT INTO `products` VALUES ('688', 'DIR-20262126', 'نقاص بلستيك 4*2 هنش', 'قطعة', 'مواد متنوعة', '600.00', '900.00', '10.0', '11.0', NULL, '2026-03-08 11:37:37', '2026-03-12 10:13:28');
INSERT INTO `products` VALUES ('689', 'DIR-20262989', 'نقاص بلستيك 4*2.5 هنش', 'قطعة', 'مواد متنوعة', '0.00', '900.00', '10.0', '5.0', NULL, '2026-03-08 11:37:37', '2026-03-08 11:37:37');
INSERT INTO `products` VALUES ('690', 'DIR-20261051', 'نقاص بلستيك 2*1.5 هنش', 'قطعة', 'مواد متنوعة', '0.00', '500.00', '10.0', '5.0', NULL, '2026-03-08 11:37:37', '2026-03-08 11:37:37');
INSERT INTO `products` VALUES ('691', 'DIR-20264649', 'نقاص بلستيك 3*2.5 هنش', 'قطعة', 'مواد متنوعة', '0.00', '800.00', '10.0', '5.0', NULL, '2026-03-08 11:37:37', '2026-03-08 11:37:37');
INSERT INTO `products` VALUES ('692', 'DIR-20266973', 'نقاص بلستيك 3*1.5 هنش', 'قطعة', 'مواد متنوعة', '0.00', '800.00', '10.0', '5.0', NULL, '2026-03-08 11:37:37', '2026-03-08 11:37:37');
INSERT INTO `products` VALUES ('693', 'DIR-20265158', 'نقاص بلستيك 4*6 هنش', 'قطعة', 'مواد متنوعة', '0.00', '1000.00', '10.0', '6.0', NULL, '2026-03-08 11:37:37', '2026-03-08 11:37:37');
INSERT INTO `products` VALUES ('694', 'DIR-20269817', 'نقاص بلستيك 4*3 هنش', 'قطعة', 'مواد متنوعة', '0.00', '1000.00', '10.0', '5.0', NULL, '2026-03-08 11:37:37', '2026-03-08 11:37:37');
INSERT INTO `products` VALUES ('695', 'DIR-20268836', 'شليشان كهرباء اصفر', 'قطعة', '', '0.00', '200.00', '10.0', '40.0', NULL, '2026-03-08 11:54:41', '2026-03-08 12:23:46');
INSERT INTO `products` VALUES ('696', 'DIR-20262334', 'النكي صغير', 'قطعة', '', '0.00', '300.00', '10.0', '19.0', NULL, '2026-03-09 08:05:27', '2026-03-09 08:21:47');
INSERT INTO `products` VALUES ('697', 'DIR-20266870', 'مسامير صلب 2 هنش ازرق', 'قطعة', 'قطعة', '0.00', '20.00', '10.0', '119.0', NULL, '2026-03-09 08:15:14', '2026-03-11 01:35:20');
INSERT INTO `products` VALUES ('698', 'DIR-20262991', 'عصاء مكنس', 'قطعة', 'قطعة', '0.00', '250.00', '10.0', '19.0', NULL, '2026-03-09 08:33:04', '2026-03-15 10:50:17');
INSERT INTO `products` VALUES ('699', 'DIR-20269670', 'عصاء رنج طويل', 'قطعة', 'قطعة', '0.00', '1000.00', '10.0', '7.0', NULL, '2026-03-09 08:33:48', '2026-03-09 08:33:48');
INSERT INTO `products` VALUES ('700', 'DIR-20264283', 'سمنت اسود', 'كيلو', 'مواد متنوعة', '100.00', '150.00', '10.0', '50.0', NULL, '2026-03-09 08:59:08', '2026-03-17 02:19:45');
INSERT INTO `products` VALUES ('701', 'DIR-20268216', 'كوع ريحة 1,5 هنش', 'قطعة', 'قطعة', '0.00', '800.00', '10.0', '6.0', NULL, '2026-03-09 09:10:22', '2026-03-09 09:10:22');
INSERT INTO `products` VALUES ('702', 'DIR-20268162', 'مثلوث كبس 1,5 هنش', 'قطعة', 'مواد متنوعة', '0.00', '500.00', '10.0', '7.0', NULL, '2026-03-09 09:10:22', '2026-03-09 09:10:22');
INSERT INTO `products` VALUES ('703', 'DIR-20263683', 'سدة تريت 1,5 هنش', 'قطعة', 'مواد متنوعة', '0.00', '300.00', '10.0', '10.0', NULL, '2026-03-09 09:10:23', '2026-03-09 09:10:23');
INSERT INTO `products` VALUES ('704', 'DIR-20264257', 'كوع فاتح 1,5 هنش', 'قطعة', 'مواد متنوعة', '0.00', '400.00', '10.0', '18.0', NULL, '2026-03-09 09:10:23', '2026-03-09 09:10:23');
INSERT INTO `products` VALUES ('705', 'DIR-20264426', 'كوع زاوية 1,5 هنش', 'قطعة', 'مواد متنوعة', '0.00', '400.00', '10.0', '10.0', NULL, '2026-03-09 09:10:23', '2026-03-09 09:10:23');
INSERT INTO `products` VALUES ('706', 'DIR-20265001', 'جلبة كبس 1,5 هنش', 'قطعة', 'مواد متنوعة', '0.00', '300.00', '10.0', '30.0', NULL, '2026-03-09 09:10:23', '2026-03-09 09:10:23');
INSERT INTO `products` VALUES ('707', 'DIR-20261412', 'كوع ريحة 2 هنش', 'قطعة', 'مواد متنوعة', '0.00', '1200.00', '10.0', '2.0', NULL, '2026-03-09 09:10:23', '2026-03-09 09:10:23');
INSERT INTO `products` VALUES ('708', 'DIR-20267162', 'ركبة زاوية 2 هنش', 'قطعة', 'مواد متنوعة', '0.00', '500.00', '10.0', '8.0', NULL, '2026-03-09 09:10:23', '2026-03-09 09:10:23');
INSERT INTO `products` VALUES ('709', 'DIR-20265435', 'ركبة فاتح ويل 2 هنش', 'قطعة', 'مواد متنوعة', '0.00', '600.00', '10.0', '13.0', NULL, '2026-03-09 09:10:23', '2026-03-09 09:10:23');
INSERT INTO `products` VALUES ('710', 'DIR-20261854', 'مثلوث 2 هنش', 'قطعة', 'مواد متنوعة', '0.00', '600.00', '10.0', '17.0', NULL, '2026-03-09 09:10:23', '2026-03-09 09:10:23');
INSERT INTO `products` VALUES ('711', 'DIR-20265633', 'جلبة كبس 2 هنش', 'قطعة', 'مواد متنوعة', '0.00', '400.00', '10.0', '1.0', NULL, '2026-03-09 09:10:23', '2026-03-09 09:10:23');
INSERT INTO `products` VALUES ('712', 'DIR-20264454', 'سدة تريت 2 هنش', 'قطعة', 'مواد متنوعة', '0.00', '400.00', '10.0', '10.0', NULL, '2026-03-09 09:10:23', '2026-03-09 09:10:23');
INSERT INTO `products` VALUES ('713', 'DIR-20268979', 'سدة كبس 2 هنش', 'قطعة', 'مواد متنوعة', '0.00', '400.00', '10.0', '10.0', NULL, '2026-03-09 09:10:23', '2026-03-09 09:10:23');
INSERT INTO `products` VALUES ('714', 'DIR-20266955', 'كوع فاتح 6 هنش كبس', 'قطعة', 'قطعة', '0.00', '2300.00', '10.0', '6.0', NULL, '2026-03-09 09:14:21', '2026-03-09 09:14:21');
INSERT INTO `products` VALUES ('715', 'DIR-20261293', 'كوع زاوية 6 هنش كبس', 'قطعة', 'مواد متنوعة', '0.00', '2500.00', '10.0', '5.0', NULL, '2026-03-09 09:14:21', '2026-03-09 09:14:21');
INSERT INTO `products` VALUES ('716', 'DIR-20264277', 'ركبة سدة 6 هنش', 'قطعة', 'مواد متنوعة', '0.00', '3000.00', '10.0', '4.0', NULL, '2026-03-09 09:14:21', '2026-03-09 09:14:21');
INSERT INTO `products` VALUES ('717', 'DIR-20269170', 'مثلوث سدة 6 هنش', 'قطعة', 'مواد متنوعة', '0.00', '4200.00', '10.0', '1.0', NULL, '2026-03-09 09:14:21', '2026-03-09 09:14:21');
INSERT INTO `products` VALUES ('718', 'DIR-20267262', 'مثلوث نقاص 6*4 هنش', 'قطعة', 'مواد متنوعة', '0.00', '3500.00', '10.0', '4.0', NULL, '2026-03-09 09:14:21', '2026-03-09 09:14:21');
INSERT INTO `products` VALUES ('719', 'DIR-20265638', 'غطاية كبس 6 هنش', 'قطعة', 'مواد متنوعة', '0.00', '700.00', '10.0', '9.0', NULL, '2026-03-09 09:14:21', '2026-03-09 09:14:21');
INSERT INTO `products` VALUES ('720', 'DIR-20266467', 'سدة تريت كبس 6 هنش', 'قطعة', 'مواد متنوعة', '0.00', '1500.00', '10.0', '5.0', NULL, '2026-03-09 09:14:21', '2026-03-09 09:14:21');
INSERT INTO `products` VALUES ('721', 'DIR-20268424', 'مثلوث 6 هنش', 'قطعة', 'مواد متنوعة', '0.00', '3800.00', '10.0', '1.0', NULL, '2026-03-09 09:14:21', '2026-03-09 09:14:21');
INSERT INTO `products` VALUES ('722', 'DIR-20268798', 'شبك تليوس 17 سم * 25 متر', 'قطعة', 'قطعة', '0.00', '1500.00', '10.0', '19.0', NULL, '2026-03-09 09:23:54', '2026-03-09 09:23:54');
INSERT INTO `products` VALUES ('723', 'DIR-20264265', 'بكس كهرباء 3/4 هنش اصلي', 'قطعة', 'مواد متنوعة', '0.00', '70.00', '10.0', '118.0', NULL, '2026-03-09 09:23:54', '2026-03-14 08:54:12');
INSERT INTO `products` VALUES ('724', 'DIR-20263144', 'بكس كهرباء 1/2 هنش اصلي', 'قطعة', 'مواد متنوعة', '0.00', '70.00', '10.0', '51.0', NULL, '2026-03-09 09:23:54', '2026-03-09 09:23:54');
INSERT INTO `products` VALUES ('725', 'DIR-20264044', 'منشار مواصير', 'قطعة', 'مواد متنوعة', '0.00', '1600.00', '10.0', '4.0', NULL, '2026-03-09 09:23:54', '2026-03-09 09:23:54');
INSERT INTO `products` VALUES ('726', 'DIR-20269512', 'ضغاط سلكون احمر بلستيك', 'قطعة', 'مواد متنوعة', '0.00', '1000.00', '10.0', '4.0', NULL, '2026-03-09 09:23:54', '2026-03-09 09:23:54');
INSERT INTO `products` VALUES ('727', 'DIR-20260249', 'ضغاط سلكون ازرق حديد', 'قطعة', 'مواد متنوعة', '0.00', '1000.00', '10.0', '4.0', NULL, '2026-03-09 09:23:54', '2026-03-09 09:23:54');
INSERT INTO `products` VALUES ('728', 'DIR-20268345', 'ِزبرة حديد 7 رطل', 'قطعة', 'مواد متنوعة', '0.00', '4500.00', '10.0', '3.0', NULL, '2026-03-09 09:23:54', '2026-03-09 09:23:54');
INSERT INTO `products` VALUES ('729', 'DIR-20262807', 'ِزبرة حديد 6 رطل', 'قطعة', 'مواد متنوعة', '0.00', '4000.00', '10.0', '3.0', NULL, '2026-03-09 09:23:54', '2026-03-09 09:23:54');
INSERT INTO `products` VALUES ('730', 'DIR-20263910', 'ِزبرة حديد 5 رطل', 'قطعة', 'مواد متنوعة', '0.00', '4000.00', '10.0', '3.0', NULL, '2026-03-09 09:23:54', '2026-03-09 09:23:54');
INSERT INTO `products` VALUES ('731', 'DIR-20264482', 'ِزبرة حديد 4 رطل', 'قطعة', 'مواد متنوعة', '0.00', '3500.00', '10.0', '2.0', NULL, '2026-03-09 09:23:54', '2026-03-09 09:23:54');
INSERT INTO `products` VALUES ('732', 'DIR-20265861', 'ِزبرة حديد 3 رطل', 'قطعة', 'مواد متنوعة', '0.00', '3000.00', '10.0', '1.0', NULL, '2026-03-09 09:23:54', '2026-03-09 09:23:54');
INSERT INTO `products` VALUES ('733', 'DIR-20268982', 'ِزبرة حديد 2 رطل', 'قطعة', 'مواد متنوعة', '0.00', '2000.00', '10.0', '4.0', NULL, '2026-03-09 09:23:54', '2026-03-09 09:23:54');
INSERT INTO `products` VALUES ('734', 'DIR-20263152', 'مطرقة تكسير مع هراوة حديد اصفر 2000 جرام', 'قطعة', 'مواد متنوعة', '0.00', '2700.00', '10.0', '7.0', NULL, '2026-03-09 09:23:54', '2026-03-09 09:23:54');
INSERT INTO `products` VALUES ('735', 'DIR-20260164', 'مطرقة تكسير مع هراوة حديد اصفر 1500 جرام', 'قطعة', 'مواد متنوعة', '0.00', '2300.00', '10.0', '7.0', NULL, '2026-03-09 09:23:54', '2026-03-09 09:23:54');
INSERT INTO `products` VALUES ('736', 'DIR-20262982', 'مطرقة تكسير مع هراوة حديد اصفر 1000 جرام', 'قطعة', 'مواد متنوعة', '0.00', '2000.00', '10.0', '7.0', NULL, '2026-03-09 09:23:54', '2026-03-09 09:23:54');
INSERT INTO `products` VALUES ('737', 'DIR-20264681', 'مفصلات ابواب حديد 22 ملي', 'قطعة', 'مواد متنوعة', '0.00', '250.00', '10.0', '71.0', NULL, '2026-03-09 09:23:54', '2026-03-09 09:23:54');
INSERT INTO `products` VALUES ('738', 'DIR-20269433', 'مفرس وجهين احمر', 'قطعة', 'مواد متنوعة', '0.00', '2000.00', '10.0', '9.0', NULL, '2026-03-09 09:23:54', '2026-03-09 09:23:54');
INSERT INTO `products` VALUES ('739', 'DIR-20261609', 'مفرس اسود 1000 جرام', 'قطعة', 'مواد متنوعة', '0.00', '1800.00', '10.0', '1.0', NULL, '2026-03-09 09:23:54', '2026-03-09 09:23:54');
INSERT INTO `products` VALUES ('740', 'DIR-20261212', 'عوامة خزان 3/4 هنش', 'قطعة', 'مواد متنوعة', '0.00', '1500.00', '10.0', '6.0', NULL, '2026-03-09 09:23:54', '2026-03-09 09:23:54');
INSERT INTO `products` VALUES ('741', 'DIR-20260660', 'عوامة خزان 1/2 هنش', 'قطعة', 'مواد متنوعة', '0.00', '1200.00', '10.0', '3.0', NULL, '2026-03-09 09:23:54', '2026-03-09 09:23:54');
INSERT INTO `products` VALUES ('742', 'DIR-20269589', 'فاس مجلي', 'قطعة', 'قطعة', '0.00', '1500.00', '10.0', '3.0', NULL, '2026-03-09 09:33:44', '2026-03-09 09:33:44');
INSERT INTO `products` VALUES ('743', 'DIR-20269160', 'صنفرة خشن 60', 'قطعة', 'مواد متنوعة', '0.00', '200.00', '10.0', '100.0', NULL, '2026-03-09 09:33:44', '2026-03-09 09:33:44');
INSERT INTO `products` VALUES ('744', 'DIR-20266448', 'صنفرة خشن 150', 'قطعة', 'مواد متنوعة', '0.00', '200.00', '10.0', '43.0', NULL, '2026-03-09 09:33:44', '2026-03-09 09:33:44');
INSERT INTO `products` VALUES ('745', 'DIR-20261887', 'صنفرة ناعم 220', 'قطعة', 'مواد متنوعة', '0.00', '150.00', '10.0', '61.0', NULL, '2026-03-09 09:33:44', '2026-03-09 09:33:44');
INSERT INTO `products` VALUES ('746', 'DIR-20268771', 'صنفرة ناعم 360', 'قطعة', 'مواد متنوعة', '0.00', '150.00', '10.0', '4.0', NULL, '2026-03-09 09:33:44', '2026-03-09 09:33:44');
INSERT INTO `products` VALUES ('747', 'DIR-20265479', 'قبة راس دش ستلايت', 'قطعة', 'مواد متنوعة', '0.00', '500.00', '10.0', '9.0', NULL, '2026-03-09 09:33:44', '2026-03-09 09:33:44');
INSERT INTO `products` VALUES ('748', 'DIR-20264953', 'توصيلة شاشة دش', 'قطعة', 'مواد متنوعة', '0.00', '500.00', '10.0', '9.0', NULL, '2026-03-09 09:33:44', '2026-03-09 09:33:44');
INSERT INTO `products` VALUES ('749', 'DIR-20265143', 'مقص حديد اسود', 'قطعة', 'مواد متنوعة', '0.00', '600.00', '10.0', '8.0', NULL, '2026-03-09 09:33:44', '2026-03-09 09:33:44');
INSERT INTO `products` VALUES ('750', 'DIR-20260025', 'مقص شعر', 'قطعة', 'مواد متنوعة', '0.00', '500.00', '10.0', '8.0', NULL, '2026-03-09 09:33:44', '2026-03-09 09:33:44');
INSERT INTO `products` VALUES ('751', 'DIR-20268670', 'ضغاط حمام تايوان', 'قطعة', 'مواد متنوعة', '0.00', '800.00', '10.0', '6.0', NULL, '2026-03-09 09:33:44', '2026-03-09 09:33:44');
INSERT INTO `products` VALUES ('752', 'DIR-20263121', 'فرشة تنظيف حمام', 'قطعة', 'مواد متنوعة', '0.00', '500.00', '10.0', '7.0', NULL, '2026-03-09 09:33:44', '2026-03-09 09:33:44');
INSERT INTO `products` VALUES ('753', 'DIR-20261206', 'لفة لي احمر 1/2 هنش 30 متر', 'قطعة', 'مواد متنوعة', '0.00', '3000.00', '10.0', '14.0', NULL, '2026-03-09 09:33:44', '2026-03-09 09:33:44');
INSERT INTO `products` VALUES ('754', 'DIR-20260299', 'لفة لي احمر 3/4 هنش 40 متر فيميس', 'قطعة', 'مواد متنوعة', '0.00', '7000.00', '10.0', '10.0', NULL, '2026-03-09 09:33:44', '2026-03-09 09:33:44');
INSERT INTO `products` VALUES ('755', 'DIR-20262374', 'لفة حنجور 1/2 هنش', 'قطعة', 'مواد متنوعة', '0.00', '1500.00', '10.0', '16.0', NULL, '2026-03-09 09:33:44', '2026-03-14 08:54:12');
INSERT INTO `products` VALUES ('756', 'DIR-20265051', 'لفة حنجور 3/4 هنش', 'قطعة', 'مواد متنوعة', '0.00', '1200.00', '10.0', '16.0', NULL, '2026-03-09 09:33:44', '2026-03-14 08:54:12');
INSERT INTO `products` VALUES ('757', 'DIR-20260524', 'شبك مربع 1*14 متر', 'قطعة', 'مواد متنوعة', '0.00', '3500.00', '10.0', '10.0', NULL, '2026-03-09 09:33:44', '2026-03-09 09:33:44');
INSERT INTO `products` VALUES ('758', 'DIR-20263018', 'مخرشة حديد طويل', 'قطعة', 'مواد متنوعة', '0.00', '2000.00', '10.0', '6.0', NULL, '2026-03-09 09:33:44', '2026-03-09 09:33:44');
INSERT INTO `products` VALUES ('759', 'DIR-20268407', 'جلب مذاري', 'قطعة', 'مواد متنوعة', '0.00', '1500.00', '10.0', '3.0', NULL, '2026-03-09 09:33:44', '2026-03-09 09:33:44');
INSERT INTO `products` VALUES ('760', 'DIR-20260128', 'كريك صبة ابيض', 'قطعة', 'قطعة', '0.00', '2000.00', '10.0', '6.0', NULL, '2026-03-09 09:43:33', '2026-03-09 09:43:33');
INSERT INTO `products` VALUES ('761', 'DIR-20267782', 'دبة 20 لتر اسود', 'قطعة', 'مواد متنوعة', '0.00', '1000.00', '10.0', '6.0', NULL, '2026-03-09 09:43:33', '2026-03-09 09:43:33');
INSERT INTO `products` VALUES ('762', 'DIR-20269247', 'دبة 20 لتر اصفر', 'قطعة', 'مواد متنوعة', '0.00', '400.00', '10.0', '10.0', NULL, '2026-03-09 09:43:33', '2026-03-09 09:43:33');
INSERT INTO `products` VALUES ('763', 'DIR-20261231', 'ركبة كهرباء 3/4 هنش', 'قطعة', 'مواد متنوعة', '0.00', '100.00', '10.0', '9.0', NULL, '2026-03-09 09:43:33', '2026-03-09 09:43:33');
INSERT INTO `products` VALUES ('764', 'DIR-20269478', 'ركبة كهرباء 1/2 هنش', 'قطعة', 'مواد متنوعة', '0.00', '100.00', '10.0', '200.0', NULL, '2026-03-09 09:43:33', '2026-03-09 09:43:33');
INSERT INTO `products` VALUES ('765', 'DIR-20263349', 'ماصورة كهرباء 3 متر 3/4 هنش', 'قطعة', 'مواد متنوعة', '0.00', '1000.00', '10.0', '9.0', NULL, '2026-03-09 09:43:33', '2026-03-09 09:43:33');
INSERT INTO `products` VALUES ('766', 'DIR-20268931', 'ماصورة كهرباء 3 متر 1/2 هنش', 'قطعة', 'مواد متنوعة', '0.00', '1000.00', '10.0', '9.0', NULL, '2026-03-09 09:43:33', '2026-03-09 09:43:33');
INSERT INTO `products` VALUES ('767', 'DIR-20264435', 'صليب بلاط 1,5 ملي', 'قطعة', 'مواد متنوعة', '0.00', '50.00', '10.0', '25.0', NULL, '2026-03-09 09:43:33', '2026-03-09 09:43:33');
INSERT INTO `products` VALUES ('768', 'DIR-20266631', 'صليب بلاط 2 ملي', 'قطعة', 'مواد متنوعة', '0.00', '50.00', '10.0', '28.0', NULL, '2026-03-09 09:43:33', '2026-03-09 09:43:33');
INSERT INTO `products` VALUES ('769', 'DIR-20265713', 'شبك زاوية تليوس 5 سم *3 م', 'قطعة', 'مواد متنوعة', '0.00', '1000.00', '10.0', '36.0', NULL, '2026-03-09 09:43:33', '2026-03-09 09:43:33');
INSERT INTO `products` VALUES ('770', 'DIR-20267020', 'عين شولة', 'قطعة', 'مواد متنوعة', '0.00', '600.00', '10.0', '15.0', NULL, '2026-03-09 09:43:33', '2026-03-09 09:43:33');
INSERT INTO `products` VALUES ('771', 'DIR-20268127', 'طربال الدرع 2*3 رصاصي', 'قطعة', 'مواد متنوعة', '0.00', '1000.00', '10.0', '7.0', NULL, '2026-03-09 09:43:33', '2026-03-09 09:43:33');
INSERT INTO `products` VALUES ('772', 'DIR-20262897', 'طربال الدرع 6*4 ابيض', 'قطعة', 'مواد متنوعة', '0.00', '4000.00', '10.0', '5.0', NULL, '2026-03-09 09:43:33', '2026-03-09 09:43:33');
INSERT INTO `products` VALUES ('773', 'DIR-20266421', 'طربال الدرع 6*8 ابض', 'قطعة', 'مواد متنوعة', '0.00', '4500.00', '10.0', '4.0', NULL, '2026-03-09 09:43:33', '2026-03-09 09:43:33');
INSERT INTO `products` VALUES ('774', 'DIR-20268010', 'طربال الدرع 10*10 ابيض', 'قطعة', 'مواد متنوعة', '0.00', '12000.00', '10.0', '1.0', NULL, '2026-03-09 09:43:33', '2026-03-09 09:43:33');
INSERT INTO `products` VALUES ('775', 'DIR-20260210', 'طربال الاصيل 6*6 م', 'قطعة', 'مواد متنوعة', '0.00', '7000.00', '10.0', '1.0', NULL, '2026-03-09 09:43:33', '2026-03-09 09:43:33');
INSERT INTO `products` VALUES ('776', 'DIR-20267908', 'طربال الجزيرة 6*4 م برتقالي صافي', 'قطعة', 'مواد متنوعة', '0.00', '6000.00', '10.0', '3.0', NULL, '2026-03-09 09:43:33', '2026-03-09 09:43:33');
INSERT INTO `products` VALUES ('777', 'DIR-20262586', 'منشار يدوي اصفر كبير يد بلستيك', 'قطعة', 'قطعة', '0.00', '1800.00', '10.0', '9.0', NULL, '2026-03-09 09:52:41', '2026-03-09 09:52:41');
INSERT INTO `products` VALUES ('778', 'DIR-20260129', 'منشار يدوي يد خشب بلاك بير', 'قطعة', 'مواد متنوعة', '0.00', '2500.00', '10.0', '4.0', NULL, '2026-03-09 09:52:41', '2026-03-09 09:52:41');
INSERT INTO `products` VALUES ('779', 'DIR-20263263', 'منشار شجر معطوف احمر', 'قطعة', 'مواد متنوعة', '0.00', '1200.00', '10.0', '5.0', NULL, '2026-03-09 09:52:41', '2026-03-09 09:52:41');
INSERT INTO `products` VALUES ('780', 'DIR-20264609', 'منشار شجر اصفر صغير برتقالي', 'قطعة', 'مواد متنوعة', '0.00', '600.00', '10.0', '7.0', NULL, '2026-03-09 09:52:41', '2026-03-09 09:52:41');
INSERT INTO `products` VALUES ('781', 'DIR-20262857', 'دسميس كهرياء صغير ابيض', 'قطعة', 'مواد متنوعة', '0.00', '300.00', '10.0', '11.0', NULL, '2026-03-09 09:52:41', '2026-03-09 09:52:41');
INSERT INTO `products` VALUES ('782', 'DIR-20268608', 'لفة لي 1 هنش اسود 200 يردة مواصفات سعودي', 'قطعة', 'مواد متنوعة', '0.00', '27000.00', '10.0', '5.0', NULL, '2026-03-09 09:52:41', '2026-03-09 09:52:41');
INSERT INTO `products` VALUES ('783', 'DIR-20265745', 'لفة لي 1 هنش اسود 100 يردة مواصفات سعودي', 'قطعة', 'مواد متنوعة', '0.00', '12000.00', '10.0', '1.0', NULL, '2026-03-09 09:52:41', '2026-03-09 09:52:41');
INSERT INTO `products` VALUES ('784', 'DIR-20265458', 'عربية يمني محبب', 'قطعة', 'مواد متنوعة', '0.00', '17500.00', '10.0', '4.0', NULL, '2026-03-09 09:52:41', '2026-03-09 09:52:41');
INSERT INTO `products` VALUES ('785', 'DIR-20265562', 'حوض مطبخ 50 سم*1 م استيل', 'قطعة', 'مواد متنوعة', '0.00', '5500.00', '10.0', '1.0', NULL, '2026-03-09 09:52:41', '2026-03-09 09:52:41');
INSERT INTO `products` VALUES ('786', 'DIR-20266921', 'مغسلة يد افلنجي هندي مع القاعدة', 'قطعة', 'مواد متنوعة', '0.00', '19000.00', '10.0', '1.0', NULL, '2026-03-09 09:52:41', '2026-03-09 09:52:41');
INSERT INTO `products` VALUES ('787', 'DIR-20264153', 'مكينية رنج صغير', 'قطعة', 'مواد متنوعة', '0.00', '4500.00', '10.0', '1.0', NULL, '2026-03-09 09:52:41', '2026-03-09 09:52:41');
INSERT INTO `products` VALUES ('788', 'DIR-20262650', 'مغسلة يد افلنجي صغير', 'قطعة', 'مواد متنوعة', '0.00', '4000.00', '10.0', '1.0', NULL, '2026-03-09 09:52:41', '2026-03-09 09:52:41');
INSERT INTO `products` VALUES ('789', 'DIR-20265672', 'شلك باكن', 'قطعة', 'مواد متنوعة', '0.00', '600.00', '10.0', '3.0', NULL, '2026-03-09 09:52:41', '2026-03-09 09:52:41');
INSERT INTO `products` VALUES ('790', 'DIR-20262547', 'ماصورة حار 3/4 هنش شنال', 'قطعة', 'قطعة', '0.00', '6500.00', '10.0', '16.0', NULL, '2026-03-09 10:03:20', '2026-03-09 10:03:20');
INSERT INTO `products` VALUES ('791', 'DIR-20263584', 'ماصورة بارد 3/4 هنش رويل خط ازرق', 'قطعة', 'مواد متنوعة', '0.00', '3500.00', '10.0', '16.0', NULL, '2026-03-09 10:03:20', '2026-03-09 10:03:20');
INSERT INTO `products` VALUES ('792', 'DIR-20263665', 'ماصورة بارد 1 هنش', 'قطعة', 'مواد متنوعة', '0.00', '5000.00', '10.0', '2.0', NULL, '2026-03-09 10:03:20', '2026-03-09 10:03:20');
INSERT INTO `products` VALUES ('793', 'DIR-20269474', 'ماصورة حار 1/2 هنش سعودي', 'قطعة', 'مواد متنوعة', '0.00', '3800.00', '10.0', '4.0', NULL, '2026-03-09 10:03:20', '2026-03-09 10:03:20');
INSERT INTO `products` VALUES ('794', 'DIR-20268236', 'ماصورة بارد 1/2 هنش بريمي ض 80', 'قطعة', 'مواد متنوعة', '0.00', '2500.00', '10.0', '16.0', NULL, '2026-03-09 10:03:20', '2026-03-09 10:03:20');
INSERT INTO `products` VALUES ('795', 'DIR-20266150', 'ماصورة 1,5 هنش ض 1,8 رويل', 'قطعة', 'مواد متنوعة', '0.00', '3500.00', '10.0', '4.0', NULL, '2026-03-09 10:03:20', '2026-03-14 11:20:04');
INSERT INTO `products` VALUES ('796', 'DIR-20266113', 'ماصورة 1.5 هنش ض2,2 رويل', 'قطعة', 'مواد متنوعة', '0.00', '4500.00', '10.0', '6.0', NULL, '2026-03-09 10:03:20', '2026-03-09 10:03:20');
INSERT INTO `products` VALUES ('797', 'DIR-20267308', 'ماصورة 2 هنش ض 2,2 رويل', 'قطعة', 'مواد متنوعة', '0.00', '5500.00', '10.0', '3.0', NULL, '2026-03-09 10:03:20', '2026-03-14 11:08:38');
INSERT INTO `products` VALUES ('798', 'DIR-20264345', 'ماصورة 4 هنش ض 2,2 رويل خط ازرق', 'قطعة', 'مواد متنوعة', '0.00', '9000.00', '10.0', '1.0', NULL, '2026-03-09 10:03:20', '2026-03-09 10:03:20');
INSERT INTO `products` VALUES ('799', 'DIR-20268353', 'ماصورة 4 هنش ض 3,2  بريمي', 'قطعة', 'مواد متنوعة', '0.00', '8000.00', '10.0', '4.0', NULL, '2026-03-09 10:03:20', '2026-03-09 10:03:20');
INSERT INTO `products` VALUES ('800', 'DIR-20266108', 'ماصورة 4 هنش ض 3,2 رويل', 'قطعة', 'مواد متنوعة', '1000.00', '11000.00', '10.0', '6.0', NULL, '2026-03-09 10:03:20', '2026-03-14 10:28:23');
INSERT INTO `products` VALUES ('801', 'DIR-20266065', 'ماصورة 4 هنش ض 1,8 سابكو خط اسود ', 'قطعة', 'مواد متنوعة', '0.00', '6000.00', '10.0', '1.0', NULL, '2026-03-09 10:03:20', '2026-03-09 10:03:20');
INSERT INTO `products` VALUES ('802', 'DIR-20265235', 'ماصورة بارد خفيف 1/2 هنش MB', 'قطعة', 'مواد متنوعة', '0.00', '1800.00', '10.0', '6.0', NULL, '2026-03-09 10:03:20', '2026-03-09 10:03:20');
INSERT INTO `products` VALUES ('803', 'DIR-20261741', 'محبس سخانة شمسي 1/2 * 16', 'قطعة', 'قطعة', '0.00', '2000.00', '10.0', '4.0', NULL, '2026-03-09 10:18:48', '2026-03-09 10:18:48');
INSERT INTO `products` VALUES ('804', 'DIR-20261046', 'ركبة سخانة شمسي مع القاعدة ', 'قطعة', 'مواد متنوعة', '0.00', '800.00', '10.0', '17.0', NULL, '2026-03-09 10:18:48', '2026-03-09 10:18:48');
INSERT INTO `products` VALUES ('805', 'DIR-20269344', 'بداية سخانة شمسي 1/2*16 هنش', 'قطعة', 'مواد متنوعة', '0.00', '500.00', '10.0', '8.0', NULL, '2026-03-09 10:18:48', '2026-03-09 10:18:48');
INSERT INTO `products` VALUES ('806', 'DIR-20261512', 'ركبة سخانة شمسي 16*16', 'قطعة', 'مواد متنوعة', '0.00', '800.00', '10.0', '10.0', NULL, '2026-03-09 10:18:48', '2026-03-09 10:18:48');
INSERT INTO `products` VALUES ('807', 'DIR-20269225', 'توصيلة سخانة شمسي داخلي 16*16', 'قطعة', 'مواد متنوعة', '0.00', '700.00', '10.0', '12.0', NULL, '2026-03-09 10:18:48', '2026-03-09 10:18:48');
INSERT INTO `products` VALUES ('808', 'DIR-20268507', 'مثلوث سخانة شمسي 16*16*16', 'قطعة', 'مواد متنوعة', '0.00', '1000.00', '10.0', '14.0', NULL, '2026-03-09 10:18:48', '2026-03-09 10:18:48');
INSERT INTO `products` VALUES ('809', 'DIR-20264325', 'توصيلة سخانة شمسي ذكر 1/2*16', 'قطعة', 'مواد متنوعة', '0.00', '500.00', '10.0', '10.0', NULL, '2026-03-09 10:18:48', '2026-03-09 10:18:48');
INSERT INTO `products` VALUES ('810', 'DIR-20264281', 'حنفي كروم فرمر تماتيك مدهب ممتاز ', 'قطعة', 'مواد متنوعة', '0.00', '4300.00', '10.0', '1.0', NULL, '2026-03-09 10:18:48', '2026-03-09 10:18:48');
INSERT INTO `products` VALUES ('811', 'DIR-20264225', 'حنفي كروم مشترك تماتيك', 'قطعة', 'مواد متنوعة', '0.00', '4500.00', '10.0', '1.0', NULL, '2026-03-09 10:18:48', '2026-03-09 10:18:48');
INSERT INTO `products` VALUES ('812', 'DIR-20262395', 'قلب محبس نحاس 3/4 هشن', 'قطعة', 'مواد متنوعة', '0.00', '1000.00', '10.0', '20.0', NULL, '2026-03-09 10:18:48', '2026-03-09 10:18:48');
INSERT INTO `products` VALUES ('813', 'DIR-20267344', 'ربلة شطاف', 'قطعة', 'مواد متنوعة', '0.00', '100.00', '10.0', '30.0', NULL, '2026-03-09 10:18:48', '2026-03-09 10:18:48');
INSERT INTO `products` VALUES ('814', 'DIR-20267740', 'ربلة محبس', 'قطعة', 'مواد متنوعة', '0.00', '100.00', '10.0', '30.0', NULL, '2026-03-09 10:18:48', '2026-03-09 10:18:48');
INSERT INTO `products` VALUES ('815', 'DIR-20267662', 'ربلة غاز', 'قطعة', 'مواد متنوعة', '0.00', '50.00', '10.0', '50.0', NULL, '2026-03-09 10:18:48', '2026-03-09 10:18:48');
INSERT INTO `products` VALUES ('816', 'DIR-20265255', 'عدسة ابواب', 'قطعة', 'مواد متنوعة', '0.00', '300.00', '10.0', '24.0', NULL, '2026-03-09 10:18:48', '2026-03-09 10:18:48');
INSERT INTO `products` VALUES ('817', 'DIR-20261569', 'شمسيات حنفي', 'قطعة', 'مواد متنوعة', '0.00', '3000.00', '10.0', '1.0', NULL, '2026-03-09 10:18:48', '2026-03-09 10:18:48');
INSERT INTO `products` VALUES ('818', 'DIR-20264995', 'فلتر ماء مرحلة واحدة', 'قطعة', 'مواد متنوعة', '0.00', '3500.00', '10.0', '1.0', NULL, '2026-03-09 10:18:48', '2026-03-09 10:18:48');
INSERT INTO `products` VALUES ('819', 'DIR-20260685', 'سلسلة 5 ملي', 'متر', 'مواد متنوعة', '0.00', '800.00', '10.0', '10.0', NULL, '2026-03-09 10:18:48', '2026-03-09 10:18:48');
INSERT INTO `products` VALUES ('820', 'DIR-20267470', 'سلسلة 6 ملي', 'قطعة', 'مواد متنوعة', '0.00', '1000.00', '10.0', '7.0', NULL, '2026-03-09 10:18:48', '2026-03-09 10:18:48');
INSERT INTO `products` VALUES ('821', 'DIR-20266380', 'كليب غاز ابو مسكة', 'قطعة', 'مواد متنوعة', '0.00', '200.00', '10.0', '20.0', NULL, '2026-03-09 10:18:48', '2026-03-09 10:18:48');
INSERT INTO `products` VALUES ('822', 'DIR-20264303', 'لقم عربية زوج', 'قطعة', 'قطعة', '0.00', '500.00', '10.0', '20.0', NULL, '2026-03-09 10:37:48', '2026-03-09 10:37:48');
INSERT INTO `products` VALUES ('823', 'DIR-20268645', 'مسامير عربية مع الصامولة', 'قطعة', 'مواد متنوعة', '0.00', '100.00', '10.0', '30.0', NULL, '2026-03-09 10:37:48', '2026-03-09 10:37:48');
INSERT INTO `products` VALUES ('824', 'DIR-20265571', 'بانة مثلث 10-12-14', 'قطعة', 'مواد متنوعة', '0.00', '500.00', '10.0', '16.0', NULL, '2026-03-09 10:37:48', '2026-03-09 10:37:48');
INSERT INTO `products` VALUES ('825', 'DIR-20267506', 'محبس هواء ذكر*ذكر', 'قطعة', 'قطعة', '0.00', '400.00', '10.0', '20.0', NULL, '2026-03-09 10:50:17', '2026-03-09 10:50:17');
INSERT INTO `products` VALUES ('826', 'DIR-20260780', 'محبس هواء ذكر*انثى', 'قطعة', 'مواد متنوعة', '0.00', '400.00', '10.0', '35.0', NULL, '2026-03-09 10:50:17', '2026-03-09 10:50:17');
INSERT INTO `products` VALUES ('827', 'DIR-20267181', 'محبس هواء انثى*انثى', 'قطعة', 'مواد متنوعة', '0.00', '400.00', '10.0', '39.0', NULL, '2026-03-09 10:50:17', '2026-03-09 10:50:17');
INSERT INTO `products` VALUES ('828', 'DIR-20260581', 'جبس الوطني', 'كيلو', 'مواد متنوعة', '0.00', '200.00', '10.0', '14.0', NULL, '2026-03-09 10:50:17', '2026-03-09 10:50:17');
INSERT INTO `products` VALUES ('829', 'DIR-20263519', 'سيكة نصروك', 'كيلو', 'مواد متنوعة', '0.00', '200.00', '10.0', '14.0', NULL, '2026-03-09 10:50:17', '2026-03-09 10:50:17');
INSERT INTO `products` VALUES ('830', 'DIR-20268274', 'سمنت ابيض المنصب', 'كيلو', 'مواد متنوعة', '0.00', '200.00', '10.0', '12.0', NULL, '2026-03-09 10:50:17', '2026-03-13 11:58:50');
INSERT INTO `products` VALUES ('831', 'DIR-20263684', 'معجون السفينة', 'كيلو', 'مواد متنوعة', '0.00', '200.00', '10.0', '7.0', NULL, '2026-03-09 10:50:17', '2026-03-09 10:50:17');
INSERT INTO `products` VALUES ('832', 'DIR-20267059', 'تلوينة ازرق ابو صقر', 'قطعة', 'مواد متنوعة', '0.00', '300.00', '10.0', '24.0', NULL, '2026-03-09 10:50:17', '2026-03-09 10:50:17');
INSERT INTO `products` VALUES ('833', 'DIR-20261469', 'ويسرات 10 ملي', 'قطعة', 'مواد متنوعة', '0.00', '25.00', '10.0', '46.0', NULL, '2026-03-09 10:50:17', '2026-03-11 01:35:20');
INSERT INTO `products` VALUES ('834', 'DIR-20266255', 'ويسرات شبك تليوس 16 ملي', 'متر', 'مواد متنوعة', '0.00', '1200.00', '10.0', '0.9', NULL, '2026-03-09 10:50:17', '2026-03-16 03:20:38');
INSERT INTO `products` VALUES ('835', 'DIR-20266036', 'كليب غاز', 'قطعة', 'مواد متنوعة', '0.00', '50.00', '10.0', '20.0', NULL, '2026-03-09 10:50:17', '2026-03-09 10:50:17');
INSERT INTO `products` VALUES ('836', 'DIR-20261810', 'كنشات سيارة حديد', 'قطعة', 'مواد متنوعة', '0.00', '50.00', '10.0', '30.0', NULL, '2026-03-09 10:50:17', '2026-03-09 10:50:17');
INSERT INTO `products` VALUES ('837', 'DIR-20266279', 'سامولة 14 اسود', 'قطعة', 'مواد متنوعة', '0.00', '50.00', '10.0', '50.0', NULL, '2026-03-09 10:50:17', '2026-03-09 10:50:17');
INSERT INTO `products` VALUES ('838', 'DIR-20261596', 'سامولة 12 اسود', 'قطعة', 'مواد متنوعة', '0.00', '50.00', '10.0', '50.0', NULL, '2026-03-09 10:50:17', '2026-03-09 10:50:17');
INSERT INTO `products` VALUES ('839', 'DIR-20266180', 'مسامير 19 ملي طول 3 سم مع الصامولة اسود', 'قطعة', 'مواد متنوعة', '0.00', '300.00', '10.0', '9.0', NULL, '2026-03-09 10:50:17', '2026-03-09 10:50:17');
INSERT INTO `products` VALUES ('840', 'DIR-20266803', 'مسامير 22 ملي طول 15 سم مع الصامولة اسود', 'قطعة', 'مواد متنوعة', '0.00', '500.00', '10.0', '7.0', NULL, '2026-03-09 10:50:17', '2026-03-09 10:50:17');
INSERT INTO `products` VALUES ('841', 'DIR-20265285', 'مسامير 20 ملي طول 5 سم مع الصامولة اسود', 'قطعة', 'مواد متنوعة', '0.00', '300.00', '10.0', '4.0', NULL, '2026-03-09 10:50:17', '2026-03-09 10:50:17');
INSERT INTO `products` VALUES ('842', 'DIR-20266599', 'مسامير 17 ملي طول 2 سم مع الصامولة اسود', 'قطعة', 'قطعة', '0.00', '200.00', '10.0', '20.0', NULL, '2026-03-09 10:57:01', '2026-03-09 10:57:01');
INSERT INTO `products` VALUES ('843', 'DIR-20264392', 'مسامير 12 ملي طول 7 سم مع الصامولة ابيض', 'قطعة', 'مواد متنوعة', '0.00', '100.00', '10.0', '11.0', NULL, '2026-03-09 10:57:01', '2026-03-09 10:57:01');
INSERT INTO `products` VALUES ('844', 'DIR-20268219', 'مسامير 12 ملي طول 5 سم مع الصامولة ابيض', 'قطعة', 'مواد متنوعة', '0.00', '100.00', '10.0', '20.0', NULL, '2026-03-09 10:57:01', '2026-03-09 10:57:01');
INSERT INTO `products` VALUES ('845', 'DIR-20265127', 'مسامير 10 ملي طول 5 سم ابيض', 'قطعة', 'مواد متنوعة', '0.00', '50.00', '10.0', '100.0', NULL, '2026-03-09 10:57:01', '2026-03-09 10:57:01');
INSERT INTO `products` VALUES ('846', 'DIR-20268057', 'مسامير 10 ملي طول 10 سم  ابيض', 'قطعة', 'مواد متنوعة', '0.00', '50.00', '10.0', '100.0', NULL, '2026-03-09 10:57:01', '2026-03-09 10:57:01');
INSERT INTO `products` VALUES ('847', 'DIR-20268446', 'مسامير سيارات ناعم', 'قطعة', 'مواد متنوعة', '0.00', '20.00', '10.0', '100.0', NULL, '2026-03-09 10:57:01', '2026-03-09 10:57:01');
INSERT INTO `products` VALUES ('848', 'DIR-20260503', 'مسامير مفصلات دواليب', 'قطعة', 'مواد متنوعة', '0.00', '20.00', '10.0', '100.0', NULL, '2026-03-09 10:57:01', '2026-03-09 10:57:01');
INSERT INTO `products` VALUES ('849', 'DIR-20265170', 'مسامير مفصلات دواليب كبير', 'قطعة', 'مواد متنوعة', '0.00', '20.00', '10.0', '100.0', NULL, '2026-03-09 10:57:01', '2026-03-09 10:57:01');
INSERT INTO `products` VALUES ('850', 'DIR-20265343', 'فلتر هواء', 'قطعة', 'مواد متنوعة', '0.00', '3500.00', '10.0', '1.0', NULL, '2026-03-09 10:57:01', '2026-03-09 10:57:01');
INSERT INTO `products` VALUES ('851', 'DIR-20269213', 'ماس قطع بلاط اصفر', 'قطعة', 'مواد متنوعة', '0.00', '500.00', '10.0', '10.0', NULL, '2026-03-09 10:57:01', '2026-03-09 10:57:01');
INSERT INTO `products` VALUES ('852', 'DIR-20265369', 'غطاية مفتاح 10*10', 'قطعة', 'مواد متنوعة', '0.00', '100.00', '10.0', '28.0', NULL, '2026-03-09 10:57:01', '2026-03-09 10:57:01');
INSERT INTO `products` VALUES ('853', 'DIR-20269628', 'نظارة لحام اسود', 'قطعة', 'قطعة', '0.00', '500.00', '10.0', '10.0', NULL, '2026-03-09 11:02:10', '2026-03-09 11:02:10');
INSERT INTO `products` VALUES ('854', 'DIR-20267371', 'نظارة لحام شفاف', 'قطعة', 'مواد متنوعة', '0.00', '500.00', '10.0', '4.0', NULL, '2026-03-09 11:02:10', '2026-03-09 11:02:10');
INSERT INTO `products` VALUES ('855', 'DIR-20268131', 'كليب تثبيت 4 هنش', 'قطعة', 'مواد متنوعة', '0.00', '300.00', '10.0', '40.0', NULL, '2026-03-09 11:02:10', '2026-03-09 11:02:10');
INSERT INTO `products` VALUES ('856', 'DIR-20264102', 'كليب تثبيت 1 هنش', 'قطعة', 'مواد متنوعة', '0.00', '200.00', '10.0', '20.0', NULL, '2026-03-09 11:02:10', '2026-03-09 11:02:10');
INSERT INTO `products` VALUES ('857', 'DIR-20265152', 'كليب تثبيت 3/4 هنش', 'قطعة', 'مواد متنوعة', '0.00', '100.00', '10.0', '50.0', NULL, '2026-03-09 11:02:10', '2026-03-09 11:02:10');
INSERT INTO `products` VALUES ('858', 'DIR-20263506', 'كليب تثبيت 1/2 هنش', 'قطعة', 'مواد متنوعة', '0.00', '100.00', '10.0', '50.0', NULL, '2026-03-09 11:02:10', '2026-03-09 11:02:10');
INSERT INTO `products` VALUES ('859', 'DIR-20266724', 'لفة لي ماء اخضر 1/2 هنش 45 يردة', 'قطعة', 'قطعة', '0.00', '9000.00', '10.0', '3.0', NULL, '2026-03-09 11:18:28', '2026-03-09 11:18:28');
INSERT INTO `products` VALUES ('860', 'BM-20267803', 'لفة لي ماء اخضر 3/4 هنش تركي', 'قطعة', 'مواد متنوعة', '8500.00', '9500.00', '10.0', '1.0', NULL, '2026-03-09 11:21:48', '2026-03-09 11:23:26');
INSERT INTO `products` VALUES ('861', 'BM-20267130', 'غراء بارد 1/4 ماليزي', 'قطعة', 'مواد متنوعة', '1250.00', '1562.50', '10.0', '10.0', NULL, '2026-03-09 11:37:29', '2026-03-09 11:37:29');
INSERT INTO `products` VALUES ('862', 'BM-20268220', 'غراء بارد 1/2 كيلو ماليزي', 'قطعة', 'مواد متنوعة', '2250.00', '2812.50', '10.0', '5.0', NULL, '2026-03-09 11:40:14', '2026-03-09 11:40:14');
INSERT INTO `products` VALUES ('863', 'BM-20269100', 'واير برش مع المقشطة اصفر', 'قطعة', 'مواد متنوعة', '400.00', '500.00', '10.0', '12.0', NULL, '2026-03-09 11:50:12', '2026-03-09 11:50:12');
INSERT INTO `products` VALUES ('864', 'BM-20263501', 'لفة سلك تربيط ابو 5 كيلو', 'قطعة', 'مواد متنوعة', '3200.00', '4000.00', '10.0', '10.0', NULL, '2026-03-09 11:50:12', '2026-03-09 11:50:12');
INSERT INTO `products` VALUES ('865', 'BM-20260309', 'لفة سلك تربيط ابو 1 كيلو', 'قطعة', 'مواد متنوعة', '680.00', '850.00', '10.0', '10.0', NULL, '2026-03-09 11:50:12', '2026-03-09 11:50:12');
INSERT INTO `products` VALUES ('866', 'BM-20262052', 'غراء حار 1/8 ماليزي اصفر', 'قطعة', 'مواد متنوعة', '700.00', '875.00', '10.0', '10.0', NULL, '2026-03-09 11:50:12', '2026-03-09 11:50:12');
INSERT INTO `products` VALUES ('867', 'BM-20260477', 'لفة لي احمر كهرباء 1/4 هنش هايل', 'قطعة', 'مواد متنوعة', '8200.00', '10250.00', '10.0', '5.0', NULL, '2026-03-09 11:50:12', '2026-03-09 11:50:12');
INSERT INTO `products` VALUES ('869', 'BM-20264342', 'كوع ريحة 4 هنش MB', 'قطعة', 'مواد متنوعة', '1500.00', '1875.00', '10.0', '36.0', NULL, '2026-03-12 10:13:28', '2026-03-12 10:13:28');
INSERT INTO `products` VALUES ('870', 'BM-20260489', 'سنجل واي 4 هنش MB', 'قطعة', 'مواد متنوعة', '1500.00', '1875.00', '10.0', '30.0', NULL, '2026-03-12 10:13:28', '2026-03-12 10:13:28');
INSERT INTO `products` VALUES ('871', 'BM-20264680', 'ماصورة 4 هنش ض 3,2 رويل', 'متر', 'مواد متنوعة', '1000.00', '1250.00', '10.0', '5.5', NULL, '2026-03-14 09:40:54', '2026-03-14 11:06:21');
INSERT INTO `products` VALUES ('872', 'BM-20269307', 'ماصورة 2 هنش ض 2,2 رويل', 'متر', 'مواد متنوعة', '800.00', '1000.00', '10.0', '5.5', NULL, '2026-03-14 11:10:38', '2026-03-14 11:10:38');
INSERT INTO `products` VALUES ('873', 'BM-20263059', 'ماصورة 2 هنش ض 1,7 رويل', 'قطعة', 'مواد متنوعة', '5000.00', '6250.00', '10.0', '3.0', NULL, '2026-03-14 11:14:03', '2026-03-14 11:14:03');
INSERT INTO `products` VALUES ('874', 'BM-20262534', 'ماصورة 2 هنش ض 1,7 رويل', 'متر', 'مواد متنوعة', '800.00', '1000.00', '10.0', '5.5', NULL, '2026-03-14 11:14:03', '2026-03-14 11:14:03');
INSERT INTO `products` VALUES ('875', 'DIR-20268445', 'ماصورة 1,5 هنش ض 1,8 رويل', 'متر', 'قطعة', '500.00', '650.00', '10.0', '16.5', NULL, '2026-03-14 11:19:31', '2026-03-14 11:19:31');
INSERT INTO `products` VALUES ('876', 'DIR-20265322', 'محبس حديد احمر 1/2 هنش', 'قطعة', 'قطعة', '0.00', '1500.00', '10.0', '2.0', NULL, '2026-03-15 11:13:27', '2026-03-15 11:20:43');


-- --------------------------------------------------------
-- هيكل الجدول: `purchase_items`
-- --------------------------------------------------------

DROP TABLE IF EXISTS `purchase_items`;
CREATE TABLE `purchase_items` (
  `id` int(11) NOT NULL AUTO_INCREMENT,
  `purchase_id` int(11) NOT NULL,
  `product_name` varchar(255) NOT NULL,
  `product_unit` varchar(50) DEFAULT 'قطعة',
  `product_quantity` decimal(10,2) NOT NULL,
  `product_price` decimal(10,2) DEFAULT 0.00,
  `product_discount` decimal(10,2) DEFAULT 0.00,
  `product_total` decimal(10,2) DEFAULT 0.00,
  `created_at` timestamp NOT NULL DEFAULT current_timestamp(),
  PRIMARY KEY (`id`),
  KEY `purchase_id` (`purchase_id`),
  CONSTRAINT `purchase_items_ibfk_1` FOREIGN KEY (`purchase_id`) REFERENCES `purchases` (`id`) ON DELETE CASCADE
) ENGINE=InnoDB AUTO_INCREMENT=52 DEFAULT CHARSET=utf8mb4 COLLATE=utf8mb4_unicode_ci;

-- --------------------------------------------------------
-- بيانات الجدول: `purchase_items` (25 سجل)
-- --------------------------------------------------------

INSERT INTO `purchase_items` VALUES ('14', '13', 'لفة لي ماء اخضر 3/4 هنش تركي', 'قطعة', '1.00', '8500.00', '0.00', '8500.00', '2026-03-09 11:21:48');
INSERT INTO `purchase_items` VALUES ('15', '14', 'غراء بارد 1/4 ماليزي', 'قطعة', '10.00', '1250.00', '0.00', '12500.00', '2026-03-09 11:37:29');
INSERT INTO `purchase_items` VALUES ('16', '15', 'غراء بارد 1/2 كيلو ماليزي', 'قطعة', '5.00', '2250.00', '0.00', '11250.00', '2026-03-09 11:40:14');
INSERT INTO `purchase_items` VALUES ('17', '16', 'واير برش مع المقشطة اصفر', 'قطعة', '12.00', '400.00', '0.00', '4800.00', '2026-03-09 11:50:12');
INSERT INTO `purchase_items` VALUES ('18', '16', 'لفة سلك تربيط ابو 5 كيلو', 'قطعة', '10.00', '3200.00', '0.00', '32000.00', '2026-03-09 11:50:12');
INSERT INTO `purchase_items` VALUES ('19', '16', 'لفة سلك تربيط ابو 1 كيلو', 'قطعة', '10.00', '680.00', '0.00', '6800.00', '2026-03-09 11:50:12');
INSERT INTO `purchase_items` VALUES ('20', '16', 'غراء حار 1/8 ماليزي اصفر', 'قطعة', '10.00', '700.00', '0.00', '7000.00', '2026-03-09 11:50:12');
INSERT INTO `purchase_items` VALUES ('21', '16', 'لفة لي احمر كهرباء 1/4 هنش هايل', 'قطعة', '5.00', '8200.00', '0.00', '41000.00', '2026-03-09 11:50:12');
INSERT INTO `purchase_items` VALUES ('26', '20', 'نقاص بلستيك 4*2 هنش', 'قطعة', '10.00', '600.00', '0.00', '6000.00', '2026-03-12 10:13:28');
INSERT INTO `purchase_items` VALUES ('27', '20', 'غطاء كبس  4 هنش', 'قطعة', '30.00', '230.00', '0.00', '6900.00', '2026-03-12 10:13:28');
INSERT INTO `purchase_items` VALUES ('28', '20', 'كوع ريحة 4 هنش MB', 'قطعة', '36.00', '1500.00', '0.00', '54000.00', '2026-03-12 10:13:28');
INSERT INTO `purchase_items` VALUES ('29', '20', 'سنجل واي 4 هنش MB', 'قطعة', '30.00', '1500.00', '0.00', '45000.00', '2026-03-12 10:13:28');
INSERT INTO `purchase_items` VALUES ('38', '28', 'سمنت اسود', 'كيلو', '50.00', '100.00', '0.00', '5000.00', '2026-03-13 11:41:58');
INSERT INTO `purchase_items` VALUES ('39', '29', 'سمنت اسود', 'كيلو', '4.00', '100.00', '0.00', '400.00', '2026-03-13 11:45:05');
INSERT INTO `purchase_items` VALUES ('40', '30', 'اسمنت ابيض المنصب', 'كيس', '12.00', '200.00', '0.00', '2400.00', '2026-03-13 11:50:41');
INSERT INTO `purchase_items` VALUES ('41', '31', 'كوع ريحة 4 هنش رويل', 'قطعة', '3.00', '1800.00', '0.00', '5400.00', '2026-03-14 08:56:39');
INSERT INTO `purchase_items` VALUES ('42', '32', 'ماصورة 4 هنش ض 3,2 رويل', 'متر', '6.00', '0.00', '0.00', '0.00', '2026-03-14 09:08:50');
INSERT INTO `purchase_items` VALUES ('43', '33', 'ماصورة 4 هنش ض 3,2 رويل', 'متر', '1.00', '0.00', '0.00', '0.00', '2026-03-14 09:25:09');
INSERT INTO `purchase_items` VALUES ('44', '34', 'ماصورة 4 هنش ض 3,2 رويل', 'متر', '5.00', '1000.00', '0.00', '5000.00', '2026-03-14 09:39:51');
INSERT INTO `purchase_items` VALUES ('45', '35', 'ماصورة 4 هنش ض 3,2 رويل', 'متر', '1.00', '1000.00', '0.00', '1000.00', '2026-03-14 09:40:54');
INSERT INTO `purchase_items` VALUES ('46', '36', 'ماصورة 4 هنش ض 3,2 رويل', 'متر', '2.00', '1000.00', '0.00', '2000.00', '2026-03-14 09:41:44');
INSERT INTO `purchase_items` VALUES ('47', '37', 'ماصورة 4 هنش ض 3,2 رويل', 'متر', '3.50', '1000.00', '0.00', '3500.00', '2026-03-14 09:58:07');
INSERT INTO `purchase_items` VALUES ('48', '38', 'ماصورة 2 هنش ض 2,2 رويل', 'متر', '5.50', '800.00', '0.00', '4400.00', '2026-03-14 11:10:38');
INSERT INTO `purchase_items` VALUES ('49', '39', 'ماصورة 2 هنش ض 1,7 رويل', 'قطعة', '3.00', '5000.00', '0.00', '15000.00', '2026-03-14 11:14:03');
INSERT INTO `purchase_items` VALUES ('50', '39', 'ماصورة 2 هنش ض 1,7 رويل', 'متر', '5.50', '800.00', '0.00', '4400.00', '2026-03-14 11:14:03');


-- --------------------------------------------------------
-- هيكل الجدول: `purchase_return_items`
-- --------------------------------------------------------

DROP TABLE IF EXISTS `purchase_return_items`;
CREATE TABLE `purchase_return_items` (
  `item_id` int(11) NOT NULL AUTO_INCREMENT,
  `return_id` int(11) NOT NULL,
  `product_name` varchar(100) NOT NULL,
  `product_unit` varchar(20) NOT NULL,
  `return_quantity` decimal(10,2) NOT NULL,
  `return_price` decimal(10,2) NOT NULL,
  `return_total` decimal(10,2) NOT NULL,
  `original_purchase_item_id` int(11) DEFAULT NULL,
  `created_at` timestamp NOT NULL DEFAULT current_timestamp(),
  PRIMARY KEY (`item_id`),
  KEY `return_id` (`return_id`),
  CONSTRAINT `purchase_return_items_ibfk_1` FOREIGN KEY (`return_id`) REFERENCES `purchase_returns` (`return_id`) ON DELETE CASCADE
) ENGINE=InnoDB DEFAULT CHARSET=utf8mb4 COLLATE=utf8mb4_unicode_ci;


-- --------------------------------------------------------
-- هيكل الجدول: `purchase_returns`
-- --------------------------------------------------------

DROP TABLE IF EXISTS `purchase_returns`;
CREATE TABLE `purchase_returns` (
  `return_id` int(11) NOT NULL AUTO_INCREMENT,
  `return_number` varchar(50) NOT NULL,
  `return_date` date NOT NULL,
  `purchase_id` int(11) NOT NULL,
  `supplier_id` int(11) DEFAULT NULL,
  `supplier_name` varchar(100) DEFAULT NULL,
  `total_amount` decimal(12,2) DEFAULT 0.00,
  `reason` text DEFAULT NULL,
  `created_by` varchar(50) DEFAULT NULL,
  `created_at` timestamp NOT NULL DEFAULT current_timestamp(),
  PRIMARY KEY (`return_id`),
  UNIQUE KEY `return_number` (`return_number`),
  KEY `purchase_id` (`purchase_id`),
  KEY `supplier_id` (`supplier_id`),
  CONSTRAINT `purchase_returns_ibfk_1` FOREIGN KEY (`purchase_id`) REFERENCES `purchases` (`id`) ON DELETE CASCADE,
  CONSTRAINT `purchase_returns_ibfk_2` FOREIGN KEY (`supplier_id`) REFERENCES `suppliers` (`supplier_id`) ON DELETE SET NULL
) ENGINE=InnoDB DEFAULT CHARSET=utf8mb4 COLLATE=utf8mb4_unicode_ci;


-- --------------------------------------------------------
-- هيكل الجدول: `purchases`
-- --------------------------------------------------------

DROP TABLE IF EXISTS `purchases`;
CREATE TABLE `purchases` (
  `id` int(11) NOT NULL AUTO_INCREMENT,
  `purchase_number` varchar(50) NOT NULL,
  `purchase_date` date NOT NULL,
  `supplier_name` varchar(255) NOT NULL,
  `supplier_id` int(11) DEFAULT NULL,
  `supplier_phone` varchar(50) DEFAULT NULL,
  `subtotal` decimal(10,2) DEFAULT 0.00,
  `total_discount` decimal(10,2) DEFAULT 0.00,
  `grand_total` decimal(10,2) DEFAULT 0.00,
  `paid_amount` decimal(12,2) DEFAULT 0.00,
  `remaining_amount` decimal(12,2) DEFAULT 0.00,
  `payment_method` varchar(50) DEFAULT 'نقدي',
  `payment_status` varchar(50) DEFAULT 'غير مدفوعة',
  `notes` text DEFAULT NULL,
  `created_by` int(50) DEFAULT NULL,
  `created_at` timestamp NOT NULL DEFAULT current_timestamp(),
  `updated_at` timestamp NOT NULL DEFAULT current_timestamp() ON UPDATE current_timestamp(),
  PRIMARY KEY (`id`),
  UNIQUE KEY `purchase_number` (`purchase_number`)
) ENGINE=InnoDB AUTO_INCREMENT=41 DEFAULT CHARSET=utf8mb4 COLLATE=utf8mb4_unicode_ci;

-- --------------------------------------------------------
-- بيانات الجدول: `purchases` (17 سجل)
-- --------------------------------------------------------

INSERT INTO `purchases` VALUES ('13', 'PUR-202603-0001', '2026-03-10', 'عمار الشارفي', '4', '', '8500.00', '0.00', '8500.00', '0.00', '0.00', '0', 'مدفوعة', '', NULL, '2026-03-09 11:21:48', '2026-03-10 11:26:20');
INSERT INTO `purchases` VALUES ('14', 'PUR-202603-0014', '2026-03-10', 'عمار الشارفي', '4', '', '12500.00', '0.00', '12500.00', '0.00', '0.00', '0', 'مدفوعة', '', NULL, '2026-03-09 11:37:29', '2026-03-10 11:26:16');
INSERT INTO `purchases` VALUES ('15', 'PUR-202603-0015', '2026-03-10', 'عمار الشارفي', '4', '', '11250.00', '0.00', '11250.00', '0.00', '0.00', '0', 'مدفوعة', '', NULL, '2026-03-09 11:40:14', '2026-03-10 11:26:08');
INSERT INTO `purchases` VALUES ('16', 'PUR-202603-0016', '2026-03-10', 'عمار الشارفي', '4', '', '91600.00', '0.00', '91600.00', '0.00', '0.00', '0', 'مدفوعة', 'تبع فاتورة رقم الطلب 425', NULL, '2026-03-09 11:50:12', '2026-03-10 11:26:30');
INSERT INTO `purchases` VALUES ('20', 'PUR-202603-0017', '2026-01-19', 'مجموعة الصالح للتجارة و الاستيراد', '8', '777671164', '111900.00', '0.00', '111900.00', '0.00', '0.00', '0', 'غير مدفوعة', 'رقم الفاتورة 4962 ', NULL, '2026-03-12 10:13:28', '2026-03-12 11:38:58');
INSERT INTO `purchases` VALUES ('28', 'PUR-202603-0021', '2026-03-14', 'الابيسي', '10', '', '5000.00', '0.00', '5000.00', '5000.00', '0.00', 'نقدي', 'مدفوعة', '', NULL, '2026-03-13 11:41:58', '2026-03-13 11:41:58');
INSERT INTO `purchases` VALUES ('29', 'PUR-202603-0029', '2026-03-14', 'الانبيسي', '11', '', '400.00', '0.00', '400.00', '400.00', '0.00', 'نقدي', 'مدفوعة', '', NULL, '2026-03-13 11:45:05', '2026-03-13 11:45:05');
INSERT INTO `purchases` VALUES ('30', 'PUR-202603-0030', '2026-03-14', 'الانبيسي', '11', '', '2400.00', '0.00', '2400.00', '2400.00', '0.00', 'نقدي', 'مدفوعة', '', NULL, '2026-03-13 11:50:41', '2026-03-13 11:50:41');
INSERT INTO `purchases` VALUES ('31', 'PUR-202603-0031', '2026-03-14', 'اسماعيل السياغي', '12', '', '5400.00', '0.00', '5400.00', '5400.00', '0.00', 'نقدي', 'مدفوعة', '', NULL, '2026-03-14 08:56:39', '2026-03-14 08:56:39');
INSERT INTO `purchases` VALUES ('32', 'PUR-202603-0032', '2026-03-14', 'مورد نقدي', '0', '', '0.00', '0.00', '0.00', '7200.00', '0.00', 'نقدي', 'جزئي', '', NULL, '2026-03-14 09:08:50', '2026-03-14 09:08:50');
INSERT INTO `purchases` VALUES ('33', 'PUR-202603-0033', '2026-03-14', 'مورد نقدي', '0', '', '0.00', '0.00', '0.00', '0.00', '0.00', 'نقدي', 'غير مدفوعة', '', NULL, '2026-03-14 09:25:09', '2026-03-14 09:25:09');
INSERT INTO `purchases` VALUES ('34', 'PUR-202603-0034', '2026-03-14', 'مورد نقدي', '0', '', '5000.00', '0.00', '5000.00', '0.00', '5000.00', 'نقدي', 'غير مدفوعة', '', NULL, '2026-03-14 09:39:51', '2026-03-14 09:39:51');
INSERT INTO `purchases` VALUES ('35', 'PUR-202603-0035', '2026-03-14', 'مورد نقدي', '0', '', '1000.00', '0.00', '1000.00', '0.00', '1000.00', 'نقدي', 'غير مدفوعة', '', NULL, '2026-03-14 09:40:54', '2026-03-14 09:40:54');
INSERT INTO `purchases` VALUES ('36', 'PUR-202603-0036', '2026-03-14', 'مورد نقدي', '0', '', '2000.00', '0.00', '2000.00', '0.00', '2000.00', 'نقدي', 'غير مدفوعة', '', NULL, '2026-03-14 09:41:44', '2026-03-14 09:41:44');
INSERT INTO `purchases` VALUES ('37', 'PUR-202603-0037', '2026-03-14', 'مورد نقدي', '0', '', '3500.00', '0.00', '3500.00', '0.00', '3500.00', 'نقدي', 'غير مدفوعة', '', NULL, '2026-03-14 09:58:07', '2026-03-14 09:58:07');
INSERT INTO `purchases` VALUES ('38', 'PUR-202603-0038', '2026-03-15', 'مورد نقدي', '0', '', '4400.00', '0.00', '4400.00', '4400.00', '0.00', 'نقدي', 'مدفوعة', '', NULL, '2026-03-14 11:10:38', '2026-03-14 11:10:38');
INSERT INTO `purchases` VALUES ('39', 'PUR-202603-0039', '2026-03-15', 'مورد نقدي', '0', '', '19400.00', '0.00', '19400.00', '19400.00', '0.00', 'نقدي', 'مدفوعة', '', NULL, '2026-03-14 11:14:03', '2026-03-14 11:14:03');


-- --------------------------------------------------------
-- هيكل الجدول: `sales_return_items`
-- --------------------------------------------------------

DROP TABLE IF EXISTS `sales_return_items`;
CREATE TABLE `sales_return_items` (
  `item_id` int(11) NOT NULL AUTO_INCREMENT,
  `return_id` int(11) NOT NULL,
  `product_id` int(11) DEFAULT NULL,
  `product_name` varchar(100) NOT NULL,
  `product_unit` varchar(20) NOT NULL,
  `return_quantity` decimal(10,2) NOT NULL,
  `return_price` decimal(10,2) NOT NULL,
  `return_total` decimal(10,2) NOT NULL,
  `original_invoice_item_id` int(11) DEFAULT NULL,
  `created_at` timestamp NOT NULL DEFAULT current_timestamp(),
  PRIMARY KEY (`item_id`),
  KEY `return_id` (`return_id`),
  KEY `product_id` (`product_id`),
  CONSTRAINT `sales_return_items_ibfk_1` FOREIGN KEY (`return_id`) REFERENCES `sales_returns` (`return_id`) ON DELETE CASCADE,
  CONSTRAINT `sales_return_items_ibfk_2` FOREIGN KEY (`product_id`) REFERENCES `products` (`product_id`) ON DELETE SET NULL
) ENGINE=InnoDB AUTO_INCREMENT=21 DEFAULT CHARSET=utf8mb4 COLLATE=utf8mb4_unicode_ci;

-- --------------------------------------------------------
-- بيانات الجدول: `sales_return_items` (1 سجل)
-- --------------------------------------------------------

INSERT INTO `sales_return_items` VALUES ('20', '17', '127', 'ركبة كبس 1/2 هنش ض 80', 'قطعة', '1.00', '100.00', '100.00', '127', '2026-03-16 02:50:16');


-- --------------------------------------------------------
-- هيكل الجدول: `sales_returns`
-- --------------------------------------------------------

DROP TABLE IF EXISTS `sales_returns`;
CREATE TABLE `sales_returns` (
  `return_id` int(11) NOT NULL AUTO_INCREMENT,
  `return_number` varchar(50) NOT NULL,
  `return_date` date NOT NULL,
  `invoice_id` int(11) NOT NULL,
  `customer_id` int(11) DEFAULT NULL,
  `customer_name` varchar(100) DEFAULT NULL,
  `total_amount` decimal(12,2) DEFAULT 0.00,
  `reason` text DEFAULT NULL,
  `created_by` varchar(50) DEFAULT NULL,
  `created_at` timestamp NOT NULL DEFAULT current_timestamp(),
  PRIMARY KEY (`return_id`),
  UNIQUE KEY `return_number` (`return_number`),
  KEY `invoice_id` (`invoice_id`),
  KEY `customer_id` (`customer_id`),
  CONSTRAINT `sales_returns_ibfk_1` FOREIGN KEY (`invoice_id`) REFERENCES `invoices` (`invoice_id`) ON DELETE CASCADE,
  CONSTRAINT `sales_returns_ibfk_2` FOREIGN KEY (`customer_id`) REFERENCES `customers` (`customer_id`) ON DELETE SET NULL
) ENGINE=InnoDB AUTO_INCREMENT=18 DEFAULT CHARSET=utf8mb4 COLLATE=utf8mb4_unicode_ci;

-- --------------------------------------------------------
-- بيانات الجدول: `sales_returns` (1 سجل)
-- --------------------------------------------------------

INSERT INTO `sales_returns` VALUES ('17', 'SR-202603-0001', '2026-03-16', '70', '19', 'البيت', '100.00', '', 'younis', '2026-03-16 02:50:16');


-- --------------------------------------------------------
-- هيكل الجدول: `supplier_payments`
-- --------------------------------------------------------

DROP TABLE IF EXISTS `supplier_payments`;
CREATE TABLE `supplier_payments` (
  `payment_id` int(11) NOT NULL AUTO_INCREMENT,
  `payment_number` varchar(50) NOT NULL,
  `supplier_id` int(11) NOT NULL,
  `payment_date` date NOT NULL,
  `payment_amount` decimal(12,2) NOT NULL,
  `payment_method` enum('نقدي','بطاقة','تحويل','شيك') DEFAULT 'نقدي',
  `reference_number` varchar(100) DEFAULT NULL,
  `notes` text DEFAULT NULL,
  `created_by` int(11) DEFAULT NULL,
  `created_at` timestamp NOT NULL DEFAULT current_timestamp(),
  PRIMARY KEY (`payment_id`),
  UNIQUE KEY `payment_number` (`payment_number`),
  KEY `supplier_id` (`supplier_id`),
  CONSTRAINT `supplier_payments_ibfk_1` FOREIGN KEY (`supplier_id`) REFERENCES `suppliers` (`supplier_id`) ON DELETE CASCADE
) ENGINE=InnoDB AUTO_INCREMENT=8 DEFAULT CHARSET=utf8mb4 COLLATE=utf8mb4_unicode_ci;

-- --------------------------------------------------------
-- بيانات الجدول: `supplier_payments` (6 سجل)
-- --------------------------------------------------------

INSERT INTO `supplier_payments` VALUES ('1', 'SP-202603-2630', '8', '2026-01-19', '70000.00', 'نقدي', '', '', '0', '2026-03-12 10:36:42');
INSERT INTO `supplier_payments` VALUES ('2', 'SP-202603-0361', '8', '2026-02-02', '10000.00', 'نقدي', '', 'رقم السند 3256', '0', '2026-03-12 10:38:03');
INSERT INTO `supplier_payments` VALUES ('3', 'SP-202603-6602', '8', '2026-03-02', '10000.00', 'نقدي', '', 'رقم السند 3323', '0', '2026-03-12 10:38:39');
INSERT INTO `supplier_payments` VALUES ('4', 'SP-202603-2145', '5', '2026-03-13', '9.00', 'نقدي', '', '', '0', '2026-03-12 12:24:50');
INSERT INTO `supplier_payments` VALUES ('5', 'SP-202603-5896', '5', '2026-03-13', '8991.00', 'نقدي', '', '', '0', '2026-03-12 12:25:30');
INSERT INTO `supplier_payments` VALUES ('7', 'SP-202603-6360', '5', '2026-03-14', '1000.00', 'نقدي', '', '', '4', '2026-03-14 08:14:21');


-- --------------------------------------------------------
-- هيكل الجدول: `suppliers`
-- --------------------------------------------------------

DROP TABLE IF EXISTS `suppliers`;
CREATE TABLE `suppliers` (
  `supplier_id` int(11) NOT NULL AUTO_INCREMENT,
  `supplier_name` varchar(100) NOT NULL,
  `supplier_phone` varchar(20) DEFAULT NULL,
  `supplier_email` varchar(100) DEFAULT NULL,
  `supplier_address` text DEFAULT NULL,
  `tax_number` varchar(50) DEFAULT NULL,
  `created_at` timestamp NOT NULL DEFAULT current_timestamp(),
  `updated_at` timestamp NOT NULL DEFAULT current_timestamp() ON UPDATE current_timestamp(),
  PRIMARY KEY (`supplier_id`),
  KEY `idx_supplier_name` (`supplier_name`)
) ENGINE=InnoDB AUTO_INCREMENT=16 DEFAULT CHARSET=utf8mb4 COLLATE=utf8mb4_unicode_ci;

-- --------------------------------------------------------
-- بيانات الجدول: `suppliers` (12 سجل)
-- --------------------------------------------------------

INSERT INTO `suppliers` VALUES ('1', 'يونس اليعري', '77797392', NULL, NULL, NULL, '2026-02-22 07:14:48', '2026-03-12 09:45:41');
INSERT INTO `suppliers` VALUES ('2', 'مسبق', NULL, NULL, NULL, NULL, '2026-02-22 09:44:38', '2026-03-12 09:45:41');
INSERT INTO `suppliers` VALUES ('4', 'عمار الشارفي', '', NULL, NULL, NULL, '2026-03-09 11:21:48', '2026-03-12 09:45:41');
INSERT INTO `suppliers` VALUES ('5', 'جديد', '32763820', NULL, NULL, NULL, '2026-03-12 09:18:39', '2026-03-12 11:30:39');
INSERT INTO `suppliers` VALUES ('6', 'مورد', '77798888', NULL, NULL, NULL, '2026-03-12 09:51:46', '2026-03-12 09:51:46');
INSERT INTO `suppliers` VALUES ('7', 'مورد1', '777777777777', NULL, NULL, NULL, '2026-03-12 09:53:30', '2026-03-12 09:53:30');
INSERT INTO `suppliers` VALUES ('8', 'مجموعة الصالح للتجارة و الاستيراد', '777671164', NULL, NULL, NULL, '2026-03-12 10:13:28', '2026-03-12 10:13:28');
INSERT INTO `suppliers` VALUES ('9', 'صلاح', '3232', NULL, NULL, NULL, '2026-03-12 10:50:55', '2026-03-12 10:50:55');
INSERT INTO `suppliers` VALUES ('10', 'الابيسي', '', NULL, NULL, NULL, '2026-03-13 11:41:58', '2026-03-13 11:41:58');
INSERT INTO `suppliers` VALUES ('11', 'الانبيسي', '', NULL, NULL, NULL, '2026-03-13 11:45:05', '2026-03-13 11:45:05');
INSERT INTO `suppliers` VALUES ('12', 'اسماعيل السياغي', '', NULL, NULL, NULL, '2026-03-14 08:56:39', '2026-03-14 08:56:39');
INSERT INTO `suppliers` VALUES ('14', 'علي الانسي', '', NULL, NULL, NULL, '2026-03-17 02:11:36', '2026-03-17 02:11:36');


-- --------------------------------------------------------
-- هيكل الجدول: `users`
-- --------------------------------------------------------

DROP TABLE IF EXISTS `users`;
CREATE TABLE `users` (
  `user_id` int(11) NOT NULL AUTO_INCREMENT,
  `username` varchar(50) NOT NULL,
  `password` varchar(255) NOT NULL,
  `full_name` varchar(100) NOT NULL,
  `email` varchar(100) DEFAULT NULL,
  `phone` varchar(20) DEFAULT NULL,
  `user_role` enum('مدير','محاسب','بائع','مخازن') DEFAULT 'بائع',
  `is_active` tinyint(1) DEFAULT 1,
  `created_at` timestamp NOT NULL DEFAULT current_timestamp(),
  `last_login` timestamp NULL DEFAULT NULL,
  PRIMARY KEY (`user_id`),
  UNIQUE KEY `username` (`username`),
  KEY `idx_username` (`username`)
) ENGINE=InnoDB AUTO_INCREMENT=6 DEFAULT CHARSET=utf8mb4 COLLATE=utf8mb4_unicode_ci;

-- --------------------------------------------------------
-- بيانات الجدول: `users` (3 سجل)
-- --------------------------------------------------------

INSERT INTO `users` VALUES ('1', 'admin', '123', 'مدير النظام', 'admin@bmm.com', NULL, 'مدير', '1', '2026-02-13 08:39:44', '2026-03-17 03:02:58');
INSERT INTO `users` VALUES ('4', 'abdalmajeed', 'abd123', 'عبد المجيد اليعري', 'abdal@gmail.com', '323243535', 'محاسب', '1', '2026-03-12 13:04:27', '2026-03-17 04:38:20');
INSERT INTO `users` VALUES ('5', 'younis', 'younis123', 'يونس اليعري', NULL, '777859275', 'محاسب', '1', '2026-03-15 10:57:30', '2026-03-15 10:58:34');


-- --------------------------------------------------------
-- هيكل الجدول: `warehouses`
-- --------------------------------------------------------

DROP TABLE IF EXISTS `warehouses`;
CREATE TABLE `warehouses` (
  `warehouse_id` int(11) NOT NULL AUTO_INCREMENT,
  `warehouse_name` varchar(100) NOT NULL,
  `warehouse_location` varchar(200) DEFAULT NULL,
  `manager_id` int(11) DEFAULT NULL,
  `created_at` timestamp NOT NULL DEFAULT current_timestamp(),
  PRIMARY KEY (`warehouse_id`)
) ENGINE=InnoDB DEFAULT CHARSET=utf8mb4 COLLATE=utf8mb4_unicode_ci;

SET FOREIGN_KEY_CHECKS = 1;
